"Date","Day_of_month","Nweek","Month","Num_offices","Num_employees","shift1_trans","shift2_trans","shift1_em","shift2_em","shift_all_em","Max_check","Min_check","Mean_check","Trans_amount","Trans_sum","Trans_mean","Class1","Class2","Class3"
"2012-12-16",16,50,12,1,0,0,0,0,0,0,0,0,0,0,0,0,"0","0","0"
"2012-12-17",17,51,12,1,0,0,0,0,0,0,0,0,0,0,0,0,"0","0","0"
"2012-12-18",18,51,12,1,0,0,0,0,0,0,0,0,0,0,0,0,"0","0","0"
"2012-12-19",19,51,12,1,0,0,0,0,0,0,0,0,0,0,0,0,"0","0","0"
"2012-12-20",20,51,12,1,0,0,0,0,0,0,0,0,0,0,0,0,"0","0","0"
"2012-12-21",21,51,12,1,0,0,0,0,0,0,0,0,0,0,0,0,"0","0","0"
"2012-12-22",22,51,12,0,0,0,0,0,0,0,0,0,0,0,0,0,"0","0","0"
"2012-12-23",23,51,12,0,0,0,0,0,0,0,0,0,0,0,0,0,"0","0","0"
"2012-12-24",24,52,12,0,0,0,0,0,0,0,0,0,0,0,0,0,"0","0","0"
"2012-12-25",25,52,12,0,0,0,0,0,0,0,0,0,0,0,0,0,"0","0","0"
"2012-12-26",26,52,12,0,0,0,0,0,0,0,0,0,0,0,0,0,"0","0","0"
"2012-12-27",27,52,12,0,0,0,0,0,0,0,0,0,0,0,0,0,"0","0","0"
"2012-12-28",28,52,12,0,0,0,0,0,0,0,0,0,0,0,0,0,"0","0","0"
"2012-12-29",29,52,12,0,0,0,0,0,0,0,0,0,0,0,0,0,"0","0","0"
"2012-12-30",30,52,12,0,0,0,0,0,0,0,0,0,0,0,0,0,"0","0","0"
"2012-12-31",31,53,12,0,0,0,0,0,0,0,0,0,0,0,0,0,"0","0","0"
"2013-01-01",1,0,1,0,0,0,0,0,0,0,0,0,0,0,0,0,"0","0","0"
"2013-01-02",2,0,1,1,0,0,0,0,0,0,0,0,0,0,0,0,"0","0","0"
"2013-01-03",3,0,1,1,0,0,0,0,0,0,0,0,0,0,0,0,"0","0","0"
"2013-01-04",4,0,1,1,0,0,0,0,0,0,0,0,0,0,0,0,"0","0","0"
"2013-01-05",5,0,1,0,0,0,0,0,0,0,0,0,0,0,0,0,"0","0","0"
"2013-01-06",6,0,1,0,0,0,0,0,0,0,0,0,0,0,0,0,"0","0","0"
"2013-01-07",7,1,1,1,0,0,0,0,0,0,0,0,0,0,0,0,"0","0","0"
"2013-01-08",8,1,1,1,0,0,0,0,0,0,0,0,0,0,0,0,"0","0","0"
"2013-01-09",9,1,1,1,0,0,0,0,0,0,0,0,0,0,0,0,"0","0","0"
"2013-01-10",10,1,1,1,0,0,0,0,0,0,0,0,0,0,0,0,"0","0","0"
"2013-01-11",11,1,1,1,0,0,0,0,0,0,0,0,0,0,0,0,"0","0","0"
"2013-01-12",12,1,1,0,0,0,0,0,0,0,0,0,0,0,0,0,"0","0","0"
"2013-01-13",13,1,1,1,0,0,0,0,0,0,0,0,0,0,0,0,"0","0","0"
"2013-01-14",14,2,1,0,0,0,0,0,0,0,0,0,0,0,0,0,"0","0","0"
"2013-01-15",15,2,1,1,0,0,0,0,0,0,0,0,0,0,0,0,"0","0","0"
"2013-01-16",16,2,1,1,0,0,0,0,0,0,0,0,0,0,0,0,"0","0","0"
"2013-01-17",17,2,1,1,0,0,0,0,0,0,0,0,0,0,0,0,"0","0","0"
"2013-01-18",18,2,1,1,0,0,0,0,0,0,0,0,0,0,0,0,"0","0","0"
"2013-01-19",19,2,1,1,0,0,0,0,0,0,0,0,0,0,0,0,"0","0","0"
"2013-01-20",20,2,1,0,0,0,0,0,0,0,0,0,0,0,0,0,"0","0","0"
"2013-01-21",21,3,1,1,0,0,0,0,0,0,0,0,0,0,0,0,"0","0","0"
"2013-01-22",22,3,1,1,0,0,0,0,0,0,0,0,0,0,0,0,"0","0","0"
"2013-01-23",23,3,1,1,0,0,0,0,0,0,0,0,0,0,0,0,"0","0","0"
"2013-01-24",24,3,1,0,0,0,0,0,0,0,0,0,0,0,0,0,"0","0","0"
"2013-01-25",25,3,1,0,0,0,0,0,0,0,0,0,0,0,0,0,"0","0","0"
"2013-01-26",26,3,1,1,0,0,0,0,0,0,0,0,0,0,0,0,"0","0","0"
"2013-01-27",27,3,1,0,0,0,0,0,0,0,0,0,0,0,0,0,"0","0","0"
"2013-01-28",28,4,1,1,0,0,0,0,0,0,0,0,0,0,0,0,"0","0","0"
"2013-01-29",29,4,1,1,0,0,0,0,0,0,0,0,0,0,0,0,"0","0","0"
"2013-01-30",30,4,1,1,0,0,0,0,0,0,0,0,0,0,0,0,"0","0","0"
"2013-01-31",31,4,1,1,0,0,0,0,0,0,0,0,0,0,0,0,"0","0","0"
"2013-02-01",1,4,2,1,0,0,0,0,0,0,0,0,0,0,0,0,"0","0","0"
"2013-02-02",2,4,2,0,0,0,0,0,0,0,0,0,0,0,0,0,"0","0","0"
"2013-02-03",3,4,2,1,0,0,0,0,0,0,0,0,0,0,0,0,"0","0","0"
"2013-02-04",4,5,2,1,0,0,0,0,0,0,0,0,0,0,0,0,"0","0","0"
"2013-02-05",5,5,2,1,0,0,0,0,0,0,0,0,0,0,0,0,"0","0","0"
"2013-02-06",6,5,2,1,0,0,0,0,0,0,0,0,0,0,0,0,"0","0","0"
"2013-02-07",7,5,2,1,0,0,0,0,0,0,0,0,0,0,0,0,"0","0","0"
"2013-02-08",8,5,2,1,0,0,0,0,0,0,0,0,0,0,0,0,"0","0","0"
"2013-02-09",9,5,2,1,0,0,0,0,0,0,0,0,0,0,0,0,"0","0","0"
"2013-02-10",10,5,2,1,0,0,0,0,0,0,0,0,0,0,0,0,"0","0","0"
"2013-02-11",11,6,2,1,0,0,0,0,0,0,0,0,0,0,0,0,"0","0","0"
"2013-02-12",12,6,2,1,0,0,0,0,0,0,0,0,0,0,0,0,"0","0","0"
"2013-02-13",13,6,2,1,0,0,0,0,0,0,0,0,0,0,0,0,"0","0","0"
"2013-02-14",14,6,2,1,0,0,0,0,0,0,0,0,0,0,0,0,"0","0","0"
"2013-02-15",15,6,2,1,0,0,0,0,0,0,0,0,0,0,0,0,"0","0","0"
"2013-02-16",16,6,2,1,0,0,0,0,0,0,0,0,0,0,0,0,"0","0","0"
"2013-02-17",17,6,2,1,0,0,0,0,0,0,0,0,0,0,0,0,"0","0","0"
"2013-02-18",18,7,2,1,0,0,0,0,0,0,0,0,0,0,0,0,"0","0","0"
"2013-02-19",19,7,2,1,0,0,0,0,0,0,0,0,0,0,0,0,"0","0","0"
"2013-02-20",20,7,2,1,0,0,0,0,0,0,0,0,0,0,0,0,"0","0","0"
"2013-02-21",21,7,2,1,0,0,0,0,0,0,0,0,0,0,0,0,"0","0","0"
"2013-02-22",22,7,2,1,0,0,0,0,0,0,0,0,0,0,0,0,"0","0","0"
"2013-02-23",23,7,2,1,0,0,0,0,0,0,0,0,0,0,0,0,"0","0","0"
"2013-02-24",24,7,2,1,0,0,0,0,0,0,0,0,0,0,0,0,"0","0","0"
"2013-02-25",25,8,2,1,0,0,0,0,0,0,0,0,0,0,0,0,"0","0","0"
"2013-02-26",26,8,2,1,0,0,0,0,0,0,0,0,0,0,0,0,"0","0","0"
"2013-02-27",27,8,2,1,0,0,0,0,0,0,0,0,0,0,0,0,"0","0","0"
"2013-02-28",28,8,2,1,0,0,0,0,0,0,0,0,0,0,0,0,"0","0","0"
"2013-03-01",1,8,3,1,0,0,0,0,0,0,0,0,0,0,0,0,"0","0","0"
"2013-03-02",2,8,3,1,0,0,0,0,0,0,0,0,0,0,0,0,"0","0","0"
"2013-03-03",3,8,3,1,0,0,0,0,0,0,0,0,0,0,0,0,"0","0","0"
"2013-03-04",4,9,3,1,0,0,0,0,0,0,0,0,0,0,0,0,"0","0","0"
"2013-03-05",5,9,3,1,0,0,0,0,0,0,0,0,0,0,0,0,"0","0","0"
"2013-03-06",6,9,3,1,0,0,0,0,0,0,0,0,0,0,0,0,"0","0","0"
"2013-03-07",7,9,3,1,0,0,0,0,0,0,0,0,0,0,0,0,"0","0","0"
"2013-03-08",8,9,3,1,0,0,0,0,0,0,0,0,0,0,0,0,"0","0","0"
"2013-03-09",9,9,3,1,0,0,0,0,0,0,0,0,0,0,0,0,"0","0","0"
"2013-03-10",10,9,3,1,0,0,0,0,0,0,0,0,0,0,0,0,"0","0","0"
"2013-03-11",11,10,3,1,0,0,0,0,0,0,0,0,0,0,0,0,"0","0","0"
"2013-03-12",12,10,3,1,0,0,0,0,0,0,0,0,0,0,0,0,"0","0","0"
"2013-03-13",13,10,3,1,0,0,0,0,0,0,0,0,0,0,0,0,"0","0","0"
"2013-03-14",14,10,3,1,0,0,0,0,0,0,0,0,0,0,0,0,"0","0","0"
"2013-03-15",15,10,3,1,0,0,0,0,0,0,0,0,0,0,0,0,"0","0","0"
"2013-03-16",16,10,3,1,0,0,0,0,0,0,0,0,0,0,0,0,"0","0","0"
"2013-03-17",17,10,3,1,0,0,0,0,0,0,0,0,0,0,0,0,"0","0","0"
"2013-03-18",18,11,3,1,0,0,0,0,0,0,0,0,0,0,0,0,"0","0","0"
"2013-03-19",19,11,3,1,0,0,0,0,0,0,0,0,0,0,0,0,"0","0","0"
"2013-03-20",20,11,3,1,0,0,0,0,0,0,0,0,0,0,0,0,"0","0","0"
"2013-03-21",21,11,3,1,0,0,0,0,0,0,0,0,0,0,0,0,"0","0","0"
"2013-03-22",22,11,3,1,0,0,0,0,0,0,0,0,0,0,0,0,"0","0","0"
"2013-03-23",23,11,3,0,0,0,0,0,0,0,0,0,0,0,0,0,"0","0","0"
"2013-03-24",24,11,3,1,0,0,0,0,0,0,0,0,0,0,0,0,"0","0","0"
"2013-03-25",25,12,3,1,0,0,0,0,0,0,0,0,0,0,0,0,"0","0","0"
"2013-03-26",26,12,3,1,0,0,0,0,0,0,0,0,0,0,0,0,"0","0","0"
"2013-03-27",27,12,3,1,0,0,0,0,0,0,0,0,0,0,0,0,"0","0","0"
"2013-03-28",28,12,3,1,0,0,0,0,0,0,0,0,0,0,0,0,"0","0","0"
"2013-03-29",29,12,3,1,0,0,0,0,0,0,0,0,0,0,0,0,"0","0","0"
"2013-03-30",30,12,3,1,0,0,0,0,0,0,0,0,0,0,0,0,"0","0","0"
"2013-03-31",31,12,3,1,0,0,0,0,0,0,0,0,0,0,0,0,"0","0","0"
"2013-04-01",1,13,4,1,0,0,0,0,0,0,0,0,0,0,0,0,"0","0","0"
"2013-04-02",2,13,4,1,0,0,0,0,0,0,0,0,0,0,0,0,"0","0","0"
"2013-04-03",3,13,4,1,0,0,0,0,0,0,0,0,0,0,0,0,"0","0","0"
"2013-04-04",4,13,4,1,0,0,0,0,0,0,0,0,0,0,0,0,"0","0","0"
"2013-04-05",5,13,4,1,0,0,0,0,0,0,0,0,0,0,0,0,"0","0","0"
"2013-04-06",6,13,4,1,0,0,0,0,0,0,0,0,0,0,0,0,"0","0","0"
"2013-04-07",7,13,4,1,0,0,0,0,0,0,0,0,0,0,0,0,"0","0","0"
"2013-04-08",8,14,4,1,0,0,0,0,0,0,0,0,0,0,0,0,"0","0","0"
"2013-04-09",9,14,4,1,0,0,0,0,0,0,0,0,0,0,0,0,"0","0","0"
"2013-04-10",10,14,4,1,0,0,0,0,0,0,0,0,0,0,0,0,"0","0","0"
"2013-04-11",11,14,4,1,0,0,0,0,0,0,0,0,0,0,0,0,"0","0","0"
"2013-04-12",12,14,4,1,0,0,0,0,0,0,0,0,0,0,0,0,"0","0","0"
"2013-04-13",13,14,4,1,0,0,0,0,0,0,0,0,0,0,0,0,"0","0","0"
"2013-04-14",14,14,4,1,0,0,0,0,0,0,0,0,0,0,0,0,"0","0","0"
"2013-04-15",15,15,4,1,0,0,0,0,0,0,0,0,0,0,0,0,"0","0","0"
"2013-04-16",16,15,4,1,0,0,0,0,0,0,0,0,0,0,0,0,"0","0","0"
"2013-04-17",17,15,4,1,0,0,0,0,0,0,0,0,0,0,0,0,"0","0","0"
"2013-04-18",18,15,4,1,0,0,0,0,0,0,0,0,0,0,0,0,"0","0","0"
"2013-04-19",19,15,4,1,0,0,0,0,0,0,0,0,0,0,0,0,"0","0","0"
"2013-04-20",20,15,4,1,0,0,0,0,0,0,0,0,0,0,0,0,"0","0","0"
"2013-04-21",21,15,4,1,0,0,0,0,0,0,0,0,0,0,0,0,"0","0","0"
"2013-04-22",22,16,4,1,0,0,0,0,0,0,0,0,0,0,0,0,"0","0","0"
"2013-04-23",23,16,4,1,0,0,0,0,0,0,0,0,0,0,0,0,"0","0","0"
"2013-04-24",24,16,4,1,0,0,0,0,0,0,0,0,0,0,0,0,"0","0","0"
"2013-04-25",25,16,4,1,0,0,0,0,0,0,0,0,0,0,0,0,"0","0","0"
"2013-04-26",26,16,4,1,0,0,0,0,0,0,0,0,0,0,0,0,"0","0","0"
"2013-04-27",27,16,4,1,0,0,0,0,0,0,0,0,0,0,0,0,"0","0","0"
"2013-04-28",28,16,4,1,0,0,0,0,0,0,0,0,0,0,0,0,"0","0","0"
"2013-04-29",29,17,4,1,0,0,0,0,0,0,0,0,0,0,0,0,"0","0","0"
"2013-04-30",30,17,4,1,0,0,0,0,0,0,0,0,0,0,0,0,"0","0","0"
"2013-05-01",1,17,5,1,0,0,0,0,0,0,0,0,0,0,0,0,"0","0","0"
"2013-05-02",2,17,5,1,0,0,0,0,0,0,0,0,0,0,0,0,"0","0","0"
"2013-05-03",3,17,5,1,0,0,0,0,0,0,0,0,0,0,0,0,"0","0","0"
"2013-05-04",4,17,5,1,0,0,0,0,0,0,0,0,0,0,0,0,"0","0","0"
"2013-05-05",5,17,5,0,0,0,0,0,0,0,0,0,0,0,0,0,"0","0","0"
"2013-05-06",6,18,5,1,0,0,0,0,0,0,0,0,0,0,0,0,"0","0","0"
"2013-05-07",7,18,5,1,0,0,0,0,0,0,0,0,0,0,0,0,"0","0","0"
"2013-05-08",8,18,5,1,0,0,0,0,0,0,0,0,0,0,0,0,"0","0","0"
"2013-05-09",9,18,5,1,0,0,0,0,0,0,0,0,0,0,0,0,"0","0","0"
"2013-05-10",10,18,5,1,0,0,0,0,0,0,0,0,0,0,0,0,"0","0","0"
"2013-05-11",11,18,5,1,0,0,0,0,0,0,0,0,0,0,0,0,"0","0","0"
"2013-05-12",12,18,5,1,0,0,0,0,0,0,0,0,0,0,0,0,"0","0","0"
"2013-05-13",13,19,5,1,0,0,0,0,0,0,0,0,0,0,0,0,"0","0","0"
"2013-05-14",14,19,5,1,0,0,0,0,0,0,0,0,0,0,0,0,"0","0","0"
"2013-05-15",15,19,5,1,0,0,0,0,0,0,0,0,0,0,0,0,"0","0","0"
"2013-05-16",16,19,5,1,0,0,0,0,0,0,0,0,0,0,0,0,"0","0","0"
"2013-05-17",17,19,5,1,0,0,0,0,0,0,0,0,0,0,0,0,"0","0","0"
"2013-05-18",18,19,5,1,0,0,0,0,0,0,0,0,0,0,0,0,"0","0","0"
"2013-05-19",19,19,5,1,0,0,0,0,0,0,0,0,0,0,0,0,"0","0","0"
"2013-05-20",20,20,5,1,0,0,0,0,0,0,0,0,0,0,0,0,"0","0","0"
"2013-05-21",21,20,5,1,0,0,0,0,0,0,0,0,0,0,0,0,"0","0","0"
"2013-05-22",22,20,5,1,0,0,0,0,0,0,0,0,0,0,0,0,"0","0","0"
"2013-05-23",23,20,5,1,0,0,0,0,0,0,0,0,0,0,0,0,"0","0","0"
"2013-05-24",24,20,5,1,0,0,0,0,0,0,0,0,0,0,0,0,"0","0","0"
"2013-05-25",25,20,5,1,0,0,0,0,0,0,0,0,0,0,0,0,"0","0","0"
"2013-05-26",26,20,5,1,0,0,0,0,0,0,0,0,0,0,0,0,"0","0","0"
"2013-05-27",27,21,5,1,0,0,0,0,0,0,0,0,0,0,0,0,"0","0","0"
"2013-05-28",28,21,5,1,0,0,0,0,0,0,0,0,0,0,0,0,"0","0","0"
"2013-05-29",29,21,5,1,0,0,0,0,0,0,0,0,0,0,0,0,"0","0","0"
"2013-05-30",30,21,5,1,0,0,0,0,0,0,0,0,0,0,0,0,"0","0","0"
"2013-05-31",31,21,5,1,0,0,0,0,0,0,0,0,0,0,0,0,"0","0","0"
"2013-06-01",1,21,6,1,0,0,0,0,0,0,0,0,0,0,0,0,"0","0","0"
"2013-06-02",2,21,6,1,0,0,0,0,0,0,0,0,0,0,0,0,"0","0","0"
"2013-06-03",3,22,6,1,0,0,0,0,0,0,0,0,0,0,0,0,"0","0","0"
"2013-06-04",4,22,6,1,0,0,0,0,0,0,0,0,0,0,0,0,"0","0","0"
"2013-06-05",5,22,6,1,0,0,0,0,0,0,0,0,0,0,0,0,"0","0","0"
"2013-06-06",6,22,6,1,0,0,0,0,0,0,0,0,0,0,0,0,"0","0","0"
"2013-06-07",7,22,6,1,0,0,0,0,0,0,0,0,0,0,0,0,"0","0","0"
"2013-06-08",8,22,6,1,0,0,0,0,0,0,0,0,0,0,0,0,"0","0","0"
"2013-06-09",9,22,6,0,0,0,0,0,0,0,0,0,0,0,0,0,"0","0","0"
"2013-06-10",10,23,6,1,0,0,0,0,0,0,0,0,0,0,0,0,"0","0","0"
"2013-06-11",11,23,6,1,0,0,0,0,0,0,0,0,0,0,0,0,"0","0","0"
"2013-06-12",12,23,6,1,0,0,0,0,0,0,0,0,0,0,0,0,"0","0","0"
"2013-06-13",13,23,6,1,0,0,0,0,0,0,0,0,0,0,0,0,"0","0","0"
"2013-06-14",14,23,6,1,0,0,0,0,0,0,0,0,0,0,0,0,"0","0","0"
"2013-06-15",15,23,6,1,0,0,0,0,0,0,0,0,0,0,0,0,"0","0","0"
"2013-06-16",16,23,6,1,0,0,0,0,0,0,0,0,0,0,0,0,"0","0","0"
"2013-06-17",17,24,6,1,0,0,0,0,0,0,0,0,0,0,0,0,"0","0","0"
"2013-06-18",18,24,6,1,0,0,0,0,0,0,0,0,0,0,0,0,"0","0","0"
"2013-06-19",19,24,6,1,0,0,0,0,0,0,0,0,0,0,0,0,"0","0","0"
"2013-06-20",20,24,6,1,0,0,0,0,0,0,0,0,0,0,0,0,"0","0","0"
"2013-06-21",21,24,6,1,0,0,0,0,0,0,0,0,0,0,0,0,"0","0","0"
"2013-06-22",22,24,6,1,0,0,0,0,0,0,0,0,0,0,0,0,"0","0","0"
"2013-06-23",23,24,6,1,0,0,0,0,0,0,0,0,0,0,0,0,"0","0","0"
"2013-06-24",24,25,6,1,0,0,0,0,0,0,0,0,0,0,0,0,"0","0","0"
"2013-06-25",25,25,6,1,0,0,0,0,0,0,0,0,0,0,0,0,"0","0","0"
"2013-06-26",26,25,6,1,0,0,0,0,0,0,0,0,0,0,0,0,"0","0","0"
"2013-06-27",27,25,6,1,0,0,0,0,0,0,0,0,0,0,0,0,"0","0","0"
"2013-06-28",28,25,6,1,0,0,0,0,0,0,0,0,0,0,0,0,"0","0","0"
"2013-06-29",29,25,6,1,0,0,0,0,0,0,0,0,0,0,0,0,"0","0","0"
"2013-06-30",30,25,6,1,0,0,0,0,0,0,0,0,0,0,0,0,"0","0","0"
"2013-07-01",1,26,7,1,0,0,0,0,0,0,0,0,0,0,0,0,"0","0","0"
"2013-07-02",2,26,7,1,0,0,0,0,0,0,0,0,0,0,0,0,"0","0","0"
"2013-07-03",3,26,7,1,0,0,0,0,0,0,0,0,0,0,0,0,"0","0","0"
"2013-07-04",4,26,7,1,0,0,0,0,0,0,0,0,0,0,0,0,"0","0","0"
"2013-07-05",5,26,7,1,0,0,0,0,0,0,0,0,0,0,0,0,"0","0","0"
"2013-07-06",6,26,7,0,0,0,0,0,0,0,0,0,0,0,0,0,"0","0","0"
"2013-07-07",7,26,7,0,0,0,0,0,0,0,0,0,0,0,0,0,"0","0","0"
"2013-07-08",8,27,7,1,0,0,0,0,0,0,0,0,0,0,0,0,"0","0","0"
"2013-07-09",9,27,7,1,0,0,0,0,0,0,0,0,0,0,0,0,"0","0","0"
"2013-07-10",10,27,7,1,0,0,0,0,0,0,0,0,0,0,0,0,"0","0","0"
"2013-07-11",11,27,7,1,0,0,0,0,0,0,0,0,0,0,0,0,"0","0","0"
"2013-07-12",12,27,7,1,0,0,0,0,0,0,0,0,0,0,0,0,"0","0","0"
"2013-07-13",13,27,7,0,0,0,0,0,0,0,0,0,0,0,0,0,"0","0","0"
"2013-07-14",14,27,7,0,0,0,0,0,0,0,0,0,0,0,0,0,"0","0","0"
"2013-07-15",15,28,7,1,0,0,0,0,0,0,0,0,0,0,0,0,"0","0","0"
"2013-07-16",16,28,7,1,0,0,0,0,0,0,0,0,0,0,0,0,"0","0","0"
"2013-07-17",17,28,7,1,0,0,0,0,0,0,0,0,0,0,0,0,"0","0","0"
"2013-07-18",18,28,7,1,0,0,0,0,0,0,0,0,0,0,0,0,"0","0","0"
"2013-07-19",19,28,7,1,0,0,0,0,0,0,0,0,0,0,0,0,"0","0","0"
"2013-07-20",20,28,7,0,0,0,0,0,0,0,0,0,0,0,0,0,"0","0","0"
"2013-07-21",21,28,7,0,0,0,0,0,0,0,0,0,0,0,0,0,"0","0","0"
"2013-07-22",22,29,7,1,0,0,0,0,0,0,0,0,0,0,0,0,"0","0","0"
"2013-07-23",23,29,7,1,0,0,0,0,0,0,0,0,0,0,0,0,"0","0","0"
"2013-07-24",24,29,7,1,0,0,0,0,0,0,0,0,0,0,0,0,"0","0","0"
"2013-07-25",25,29,7,1,0,0,0,0,0,0,0,0,0,0,0,0,"0","0","0"
"2013-07-26",26,29,7,1,0,0,0,0,0,0,0,0,0,0,0,0,"0","0","0"
"2013-07-27",27,29,7,0,0,0,0,0,0,0,0,0,0,0,0,0,"0","0","0"
"2013-07-28",28,29,7,0,0,0,0,0,0,0,0,0,0,0,0,0,"0","0","0"
"2013-07-29",29,30,7,2,0,0,0,0,0,0,0,0,0,0,0,0,"0","0","0"
"2013-07-30",30,30,7,2,0,0,0,0,0,0,0,0,0,0,0,0,"0","0","0"
"2013-07-31",31,30,7,2,0,0,0,0,0,0,0,0,0,0,0,0,"0","0","0"
"2013-08-01",1,30,8,2,0,0,0,0,0,0,0,0,0,0,0,0,"0","0","0"
"2013-08-02",2,30,8,1,0,0,0,0,0,0,0,0,0,0,0,0,"0","0","0"
"2013-08-03",3,30,8,1,0,0,0,0,0,0,0,0,0,0,0,0,"0","0","0"
"2013-08-04",4,30,8,1,0,0,0,0,0,0,0,0,0,0,0,0,"0","0","0"
"2013-08-05",5,31,8,2,0,0,0,0,0,0,0,0,0,0,0,0,"0","0","0"
"2013-08-06",6,31,8,2,0,0,0,0,0,0,0,0,0,0,0,0,"0","0","0"
"2013-08-07",7,31,8,2,0,0,0,0,0,0,0,0,0,0,0,0,"0","0","0"
"2013-08-08",8,31,8,2,0,0,0,0,0,0,0,0,0,0,0,0,"0","0","0"
"2013-08-09",9,31,8,2,0,0,0,0,0,0,0,0,0,0,0,0,"0","0","0"
"2013-08-10",10,31,8,1,0,0,0,0,0,0,0,0,0,0,0,0,"0","0","0"
"2013-08-11",11,31,8,1,0,0,0,0,0,0,0,0,0,0,0,0,"0","0","0"
"2013-08-12",12,32,8,2,0,0,0,0,0,0,0,0,0,0,0,0,"0","0","0"
"2013-08-13",13,32,8,2,0,0,0,0,0,0,0,0,0,0,0,0,"0","0","0"
"2013-08-14",14,32,8,2,0,0,0,0,0,0,0,0,0,0,0,0,"0","0","0"
"2013-08-15",15,32,8,2,0,0,0,0,0,0,0,0,0,0,0,0,"0","0","0"
"2013-08-16",16,32,8,2,0,0,0,0,0,0,0,0,0,0,0,0,"0","0","0"
"2013-08-17",17,32,8,1,0,0,0,0,0,0,0,0,0,0,0,0,"0","0","0"
"2013-08-18",18,32,8,1,0,0,0,0,0,0,0,0,0,0,0,0,"0","0","0"
"2013-08-19",19,33,8,2,0,0,0,0,0,0,0,0,0,0,0,0,"0","0","0"
"2013-08-20",20,33,8,2,0,0,0,0,0,0,0,0,0,0,0,0,"0","0","0"
"2013-08-21",21,33,8,2,0,0,0,0,0,0,0,0,0,0,0,0,"0","0","0"
"2013-08-22",22,33,8,2,0,0,0,0,0,0,0,0,0,0,0,0,"0","0","0"
"2013-08-23",23,33,8,2,0,0,0,0,0,0,0,0,0,0,0,0,"0","0","0"
"2013-08-24",24,33,8,1,0,0,0,0,0,0,0,0,0,0,0,0,"0","0","0"
"2013-08-25",25,33,8,1,0,0,0,0,0,0,0,0,0,0,0,0,"0","0","0"
"2013-08-26",26,34,8,2,0,0,0,0,0,0,0,0,0,0,0,0,"0","0","0"
"2013-08-27",27,34,8,2,0,0,0,0,0,0,0,0,0,0,0,0,"0","0","0"
"2013-08-28",28,34,8,2,0,0,0,0,0,0,0,0,0,0,0,0,"0","0","0"
"2013-08-29",29,34,8,2,0,0,0,0,0,0,0,0,0,0,0,0,"0","0","0"
"2013-08-30",30,34,8,2,0,0,0,0,0,0,0,0,0,0,0,0,"0","0","0"
"2013-08-31",31,34,8,2,0,0,0,0,0,0,0,0,0,0,0,0,"0","0","0"
"2013-09-01",1,34,9,2,0,0,0,0,0,0,0,0,0,0,0,0,"0","0","0"
"2013-09-02",2,35,9,2,0,0,0,0,0,0,0,0,0,0,0,0,"0","0","0"
"2013-09-03",3,35,9,2,0,0,0,0,0,0,0,0,0,0,0,0,"0","0","0"
"2013-09-04",4,35,9,2,0,0,0,0,0,0,0,0,0,0,0,0,"0","0","0"
"2013-09-05",5,35,9,2,0,0,0,0,0,0,0,0,0,0,0,0,"0","0","0"
"2013-09-06",6,35,9,2,0,0,0,0,0,0,0,0,0,0,0,0,"0","0","0"
"2013-09-07",7,35,9,1,0,0,0,0,0,0,0,0,0,0,0,0,"0","0","0"
"2013-09-08",8,35,9,1,0,0,0,0,0,0,0,0,0,0,0,0,"0","0","0"
"2013-09-09",9,36,9,2,0,0,0,0,0,0,0,0,0,0,0,0,"0","0","0"
"2013-09-10",10,36,9,2,0,0,0,0,0,0,0,0,0,0,0,0,"0","0","0"
"2013-09-11",11,36,9,2,0,0,0,0,0,0,0,0,0,0,0,0,"0","0","0"
"2013-09-12",12,36,9,2,0,0,0,0,0,0,0,0,0,0,0,0,"0","0","0"
"2013-09-13",13,36,9,2,0,0,0,0,0,0,0,0,0,0,0,0,"0","0","0"
"2013-09-14",14,36,9,1,0,0,0,0,0,0,0,0,0,0,0,0,"0","0","0"
"2013-09-15",15,36,9,1,0,0,0,0,0,0,0,0,0,0,0,0,"0","0","0"
"2013-09-16",16,37,9,2,0,0,0,0,0,0,0,0,0,0,0,0,"0","0","0"
"2013-09-17",17,37,9,2,0,0,0,0,0,0,0,0,0,0,0,0,"0","0","0"
"2013-09-18",18,37,9,1,0,0,0,0,0,0,0,0,0,0,0,0,"0","0","0"
"2013-09-19",19,37,9,2,0,0,0,0,0,0,0,0,0,0,0,0,"0","0","0"
"2013-09-20",20,37,9,2,0,0,0,0,0,0,0,0,0,0,0,0,"0","0","0"
"2013-09-21",21,37,9,1,0,0,0,0,0,0,0,0,0,0,0,0,"0","0","0"
"2013-09-22",22,37,9,1,0,0,0,0,0,0,0,0,0,0,0,0,"0","0","0"
"2013-09-23",23,38,9,2,0,0,0,0,0,0,0,0,0,0,0,0,"0","0","0"
"2013-09-24",24,38,9,2,0,0,0,0,0,0,0,0,0,0,0,0,"0","0","0"
"2013-09-25",25,38,9,2,0,0,0,0,0,0,0,0,0,0,0,0,"0","0","0"
"2013-09-26",26,38,9,2,0,0,0,0,0,0,0,0,0,0,0,0,"0","0","0"
"2013-09-27",27,38,9,2,0,0,0,0,0,0,0,0,0,0,0,0,"0","0","0"
"2013-09-28",28,38,9,1,0,0,0,0,0,0,0,0,0,0,0,0,"0","0","0"
"2013-09-29",29,38,9,1,0,0,0,0,0,0,0,0,0,0,0,0,"0","0","0"
"2013-09-30",30,39,9,2,0,0,0,0,0,0,0,0,0,0,0,0,"0","0","0"
"2013-10-01",1,39,10,2,0,0,0,0,0,0,0,0,0,0,0,0,"0","0","0"
"2013-10-02",2,39,10,2,0,0,0,0,0,0,0,0,0,0,0,0,"0","0","0"
"2013-10-03",3,39,10,2,0,0,0,0,0,0,0,0,0,0,0,0,"0","0","0"
"2013-10-04",4,39,10,2,0,0,0,0,0,0,0,0,0,0,0,0,"0","0","0"
"2013-10-05",5,39,10,2,0,0,0,0,0,0,0,0,0,0,0,0,"0","0","0"
"2013-10-06",6,39,10,2,0,0,0,0,0,0,0,0,0,0,0,0,"0","0","0"
"2013-10-07",7,40,10,2,0,0,0,0,0,0,0,0,0,0,0,0,"0","0","0"
"2013-10-08",8,40,10,2,0,0,0,0,0,0,0,0,0,0,0,0,"0","0","0"
"2013-10-09",9,40,10,2,0,0,0,0,0,0,0,0,0,0,0,0,"0","0","0"
"2013-10-10",10,40,10,2,0,0,0,0,0,0,0,0,0,0,0,0,"0","0","0"
"2013-10-11",11,40,10,2,0,0,0,0,0,0,0,0,0,0,0,0,"0","0","0"
"2013-10-12",12,40,10,2,0,0,0,0,0,0,0,0,0,0,0,0,"0","0","0"
"2013-10-13",13,40,10,2,0,0,0,0,0,0,0,0,0,0,0,0,"0","0","0"
"2013-10-14",14,41,10,2,0,0,0,0,0,0,0,0,0,0,0,0,"0","0","0"
"2013-10-15",15,41,10,2,0,0,0,0,0,0,0,0,0,0,0,0,"0","0","0"
"2013-10-16",16,41,10,2,0,0,0,0,0,0,0,0,0,0,0,0,"0","0","0"
"2013-10-17",17,41,10,2,0,0,0,0,0,0,0,0,0,0,0,0,"0","0","0"
"2013-10-18",18,41,10,2,0,0,0,0,0,0,0,0,0,0,0,0,"0","0","0"
"2013-10-19",19,41,10,2,0,0,0,0,0,0,0,0,0,0,0,0,"0","0","0"
"2013-10-20",20,41,10,2,0,0,0,0,0,0,0,0,0,0,0,0,"0","0","0"
"2013-10-21",21,42,10,2,0,0,0,0,0,0,0,0,0,0,0,0,"0","0","0"
"2013-10-22",22,42,10,2,0,0,0,0,0,0,0,0,0,0,0,0,"0","0","0"
"2013-10-23",23,42,10,2,0,0,0,0,0,0,0,0,0,0,0,0,"0","0","0"
"2013-10-24",24,42,10,2,0,0,0,0,0,0,0,0,0,0,0,0,"0","0","0"
"2013-10-25",25,42,10,2,0,0,0,0,0,0,0,0,0,0,0,0,"0","0","0"
"2013-10-26",26,42,10,2,0,0,0,0,0,0,0,0,0,0,0,0,"0","0","0"
"2013-10-27",27,42,10,1,0,0,0,0,0,0,0,0,0,0,0,0,"0","0","0"
"2013-10-28",28,43,10,2,0,0,0,0,0,0,0,0,0,0,0,0,"0","0","0"
"2013-10-29",29,43,10,2,0,0,0,0,0,0,0,0,0,0,0,0,"0","0","0"
"2013-10-30",30,43,10,2,0,0,0,0,0,0,0,0,0,0,0,0,"0","0","0"
"2013-10-31",31,43,10,2,0,0,0,0,0,0,0,0,0,0,0,0,"0","0","0"
"2013-11-01",1,43,11,2,0,0,0,0,0,0,0,0,0,0,0,0,"0","0","0"
"2013-11-02",2,43,11,2,0,0,0,0,0,0,0,0,0,0,0,0,"0","0","0"
"2013-11-03",3,43,11,2,0,0,0,0,0,0,0,0,0,0,0,0,"0","0","0"
"2013-11-04",4,44,11,2,0,0,0,0,0,0,0,0,0,0,0,0,"0","0","0"
"2013-11-05",5,44,11,2,0,0,0,0,0,0,0,0,0,0,0,0,"0","0","0"
"2013-11-06",6,44,11,2,0,0,0,0,0,0,0,0,0,0,0,0,"0","0","0"
"2013-11-07",7,44,11,2,0,0,0,0,0,0,0,0,0,0,0,0,"0","0","0"
"2013-11-08",8,44,11,2,0,0,0,0,0,0,0,0,0,0,0,0,"0","0","0"
"2013-11-09",9,44,11,2,0,0,0,0,0,0,0,0,0,0,0,0,"0","0","0"
"2013-11-10",10,44,11,2,0,0,0,0,0,0,0,0,0,0,0,0,"0","0","0"
"2013-11-11",11,45,11,2,0,0,0,0,0,0,0,0,0,0,0,0,"0","0","0"
"2013-11-12",12,45,11,2,0,0,0,0,0,0,0,0,0,0,0,0,"0","0","0"
"2013-11-13",13,45,11,2,0,0,0,0,0,0,0,0,0,0,0,0,"0","0","0"
"2013-11-14",14,45,11,2,0,0,0,0,0,0,0,0,0,0,0,0,"0","0","0"
"2013-11-15",15,45,11,2,0,0,0,0,0,0,0,0,0,0,0,0,"0","0","0"
"2013-11-16",16,45,11,2,0,0,0,0,0,0,0,0,0,0,0,0,"0","0","0"
"2013-11-17",17,45,11,2,0,0,0,0,0,0,0,0,0,0,0,0,"0","0","0"
"2013-11-18",18,46,11,2,0,0,0,0,0,0,0,0,0,0,0,0,"0","0","0"
"2013-11-19",19,46,11,2,0,0,0,0,0,0,0,0,0,0,0,0,"0","0","0"
"2013-11-20",20,46,11,2,0,0,0,0,0,0,0,0,0,0,0,0,"0","0","0"
"2013-11-21",21,46,11,2,0,0,0,0,0,0,0,0,0,0,0,0,"0","0","0"
"2013-11-22",22,46,11,2,0,0,0,0,0,0,0,0,0,0,0,0,"0","0","0"
"2013-11-23",23,46,11,2,0,0,0,0,0,0,0,0,0,0,0,0,"0","0","0"
"2013-11-24",24,46,11,2,0,0,0,0,0,0,0,0,0,0,0,0,"0","0","0"
"2013-11-25",25,47,11,2,0,0,0,0,0,0,0,0,0,0,0,0,"0","0","0"
"2013-11-26",26,47,11,2,0,0,0,0,0,0,0,0,0,0,0,0,"0","0","0"
"2013-11-27",27,47,11,2,0,0,0,0,0,0,0,0,0,0,0,0,"0","0","0"
"2013-11-28",28,47,11,2,0,0,0,0,0,0,0,0,0,0,0,0,"0","0","0"
"2013-11-29",29,47,11,2,0,0,0,0,0,0,0,0,0,0,0,0,"0","0","0"
"2013-11-30",30,47,11,2,0,0,0,0,0,0,0,0,0,0,0,0,"0","0","0"
"2013-12-01",1,47,12,2,0,0,0,0,0,0,0,0,0,0,0,0,"0","0","0"
"2013-12-02",2,48,12,2,0,0,0,0,0,0,0,0,0,0,0,0,"0","0","0"
"2013-12-03",3,48,12,2,0,0,0,0,0,0,0,0,0,0,0,0,"0","0","0"
"2013-12-04",4,48,12,2,0,0,0,0,0,0,0,0,0,0,0,0,"0","0","0"
"2013-12-05",5,48,12,2,0,0,0,0,0,0,0,0,0,0,0,0,"0","0","0"
"2013-12-06",6,48,12,2,0,0,0,0,0,0,0,0,0,0,0,0,"0","0","0"
"2013-12-07",7,48,12,2,0,0,0,0,0,0,0,0,0,0,0,0,"0","0","0"
"2013-12-08",8,48,12,2,0,0,0,0,0,0,0,0,0,0,0,0,"0","0","0"
"2013-12-09",9,49,12,2,0,0,0,0,0,0,0,0,0,0,0,0,"0","0","0"
"2013-12-10",10,49,12,2,0,0,0,0,0,0,0,0,0,0,0,0,"0","0","0"
"2013-12-11",11,49,12,2,0,0,0,0,0,0,0,0,0,0,0,0,"0","0","0"
"2013-12-12",12,49,12,2,0,0,0,0,0,0,0,0,0,0,0,0,"0","0","0"
"2013-12-13",13,49,12,2,0,0,0,0,0,0,0,0,0,0,0,0,"0","0","0"
"2013-12-14",14,49,12,2,0,0,0,0,0,0,0,0,0,0,0,0,"0","0","0"
"2013-12-15",15,49,12,1,0,0,0,0,0,0,0,0,0,0,0,0,"0","0","0"
"2013-12-16",16,50,12,3,0,0,0,0,0,0,0,0,0,0,0,0,"0","0","0"
"2013-12-17",17,50,12,3,0,0,0,0,0,0,0,0,0,0,0,0,"0","0","0"
"2013-12-18",18,50,12,3,0,0,0,0,0,0,0,0,0,0,0,0,"0","0","0"
"2013-12-19",19,50,12,3,0,0,0,0,0,0,0,0,0,0,0,0,"0","0","0"
"2013-12-20",20,50,12,3,0,0,0,0,0,0,0,0,0,0,0,0,"0","0","0"
"2013-12-21",21,50,12,2,0,0,0,0,0,0,0,0,0,0,0,0,"0","0","0"
"2013-12-22",22,50,12,2,0,0,0,0,0,0,0,0,0,0,0,0,"0","0","0"
"2013-12-23",23,51,12,2,0,0,0,0,0,0,0,0,0,0,0,0,"0","0","0"
"2013-12-24",24,51,12,0,0,0,0,0,0,0,0,0,0,0,0,0,"0","0","0"
"2013-12-25",25,51,12,0,0,0,0,0,0,0,0,0,0,0,0,0,"0","0","0"
"2013-12-26",26,51,12,0,0,0,0,0,0,0,0,0,0,0,0,0,"0","0","0"
"2013-12-27",27,51,12,2,0,0,0,0,0,0,0,0,0,0,0,0,"0","0","0"
"2013-12-28",28,51,12,2,0,0,0,0,0,0,0,0,0,0,0,0,"0","0","0"
"2013-12-29",29,51,12,2,0,0,0,0,0,0,0,0,0,0,0,0,"0","0","0"
"2013-12-30",30,52,12,2,0,0,0,0,0,0,0,0,0,0,0,0,"0","0","0"
"2013-12-31",31,52,12,2,0,0,0,0,0,0,0,0,0,0,0,0,"0","0","0"
"2014-01-01",1,0,1,0,0,0,0,0,0,0,0,0,0,0,0,0,"0","0","0"
"2014-01-02",2,0,1,0,0,0,0,0,0,0,0,0,0,0,0,0,"0","0","0"
"2014-01-03",3,0,1,3,0,0,0,0,0,0,0,0,0,0,0,0,"0","0","0"
"2014-01-04",4,0,1,3,0,0,0,0,0,0,0,0,0,0,0,0,"0","0","0"
"2014-01-05",5,0,1,3,0,0,0,0,0,0,0,0,0,0,0,0,"0","0","0"
"2014-01-06",6,1,1,3,0,0,0,0,0,0,0,0,0,0,0,0,"0","0","0"
"2014-01-07",7,1,1,3,0,0,0,0,0,0,0,0,0,0,0,0,"0","0","0"
"2014-01-08",8,1,1,3,0,0,0,0,0,0,0,0,0,0,0,0,"0","0","0"
"2014-01-09",9,1,1,3,0,0,0,0,0,0,0,0,0,0,0,0,"0","0","0"
"2014-01-10",10,1,1,2,0,0,0,0,0,0,0,0,0,0,0,0,"0","0","0"
"2014-01-11",11,1,1,3,0,0,0,0,0,0,0,0,0,0,0,0,"0","0","0"
"2014-01-12",12,1,1,3,0,0,0,0,0,0,0,0,0,0,0,0,"0","0","0"
"2014-01-13",13,2,1,3,0,0,0,0,0,0,0,0,0,0,0,0,"0","0","0"
"2014-01-14",14,2,1,3,0,0,0,0,0,0,0,0,0,0,0,0,"0","0","0"
"2014-01-15",15,2,1,3,0,0,0,0,0,0,0,0,0,0,0,0,"0","0","0"
"2014-01-16",16,2,1,3,0,0,0,0,0,0,0,0,0,0,0,0,"0","0","0"
"2014-01-17",17,2,1,3,0,0,0,0,0,0,0,0,0,0,0,0,"0","0","0"
"2014-01-18",18,2,1,3,0,0,0,0,0,0,0,0,0,0,0,0,"0","0","0"
"2014-01-19",19,2,1,3,0,0,0,0,0,0,0,0,0,0,0,0,"0","0","0"
"2014-01-20",20,3,1,3,0,0,0,0,0,0,0,0,0,0,0,0,"0","0","0"
"2014-01-21",21,3,1,3,0,0,0,0,0,0,0,0,0,0,0,0,"0","0","0"
"2014-01-22",22,3,1,3,0,0,0,0,0,0,0,0,0,0,0,0,"0","0","0"
"2014-01-23",23,3,1,3,0,0,0,0,0,0,0,0,0,0,0,0,"0","0","0"
"2014-01-24",24,3,1,3,0,0,0,0,0,0,0,0,0,0,0,0,"0","0","0"
"2014-01-25",25,3,1,3,0,0,0,0,0,0,0,0,0,0,0,0,"0","0","0"
"2014-01-26",26,3,1,3,0,0,0,0,0,0,0,0,0,0,0,0,"0","0","0"
"2014-01-27",27,4,1,3,0,0,0,0,0,0,0,0,0,0,0,0,"0","0","0"
"2014-01-28",28,4,1,3,0,0,0,0,0,0,0,0,0,0,0,0,"0","0","0"
"2014-01-29",29,4,1,3,0,0,0,0,0,0,0,0,0,0,0,0,"0","0","0"
"2014-01-30",30,4,1,3,0,0,0,0,0,0,0,0,0,0,0,0,"0","0","0"
"2014-01-31",31,4,1,3,0,0,0,0,0,0,0,0,0,0,0,0,"0","0","0"
"2014-02-01",1,4,2,3,0,0,0,0,0,0,0,0,0,0,0,0,"0","0","0"
"2014-02-02",2,4,2,3,0,0,0,0,0,0,0,0,0,0,0,0,"0","0","0"
"2014-02-03",3,5,2,3,0,0,0,0,0,0,0,0,0,0,0,0,"0","0","0"
"2014-02-04",4,5,2,3,0,0,0,0,0,0,0,0,0,0,0,0,"0","0","0"
"2014-02-05",5,5,2,3,0,0,0,0,0,0,0,0,0,0,0,0,"0","0","0"
"2014-02-06",6,5,2,3,0,0,0,0,0,0,0,0,0,0,0,0,"0","0","0"
"2014-02-07",7,5,2,3,0,0,0,0,0,0,0,0,0,0,0,0,"0","0","0"
"2014-02-08",8,5,2,3,0,0,0,0,0,0,0,0,0,0,0,0,"0","0","0"
"2014-02-09",9,5,2,3,0,0,0,0,0,0,0,0,0,0,0,0,"0","0","0"
"2014-02-10",10,6,2,3,0,0,0,0,0,0,0,0,0,0,0,0,"0","0","0"
"2014-02-11",11,6,2,3,0,0,0,0,0,0,0,0,0,0,0,0,"0","0","0"
"2014-02-12",12,6,2,3,0,0,0,0,0,0,0,0,0,0,0,0,"0","0","0"
"2014-02-13",13,6,2,3,0,0,0,0,0,0,0,0,0,0,0,0,"0","0","0"
"2014-02-14",14,6,2,3,0,0,0,0,0,0,0,0,0,0,0,0,"0","0","0"
"2014-02-15",15,6,2,3,0,0,0,0,0,0,0,0,0,0,0,0,"0","0","0"
"2014-02-16",16,6,2,3,0,0,0,0,0,0,0,0,0,0,0,0,"0","0","0"
"2014-02-17",17,7,2,3,0,0,0,0,0,0,0,0,0,0,0,0,"0","0","0"
"2014-02-18",18,7,2,3,0,0,0,0,0,0,0,0,0,0,0,0,"0","0","0"
"2014-02-19",19,7,2,3,0,0,0,0,0,0,0,0,0,0,0,0,"0","0","0"
"2014-02-20",20,7,2,3,0,0,0,0,0,0,0,0,0,0,0,0,"0","0","0"
"2014-02-21",21,7,2,3,0,0,0,0,0,0,0,0,0,0,0,0,"0","0","0"
"2014-02-22",22,7,2,3,0,0,0,0,0,0,0,0,0,0,0,0,"0","0","0"
"2014-02-23",23,7,2,3,0,0,0,0,0,0,0,0,0,0,0,0,"0","0","0"
"2014-02-24",24,8,2,3,0,0,0,0,0,0,0,0,0,0,0,0,"0","0","0"
"2014-02-25",25,8,2,3,0,0,0,0,0,0,0,0,0,0,0,0,"0","0","0"
"2014-02-26",26,8,2,3,0,0,0,0,0,0,0,0,0,0,0,0,"0","0","0"
"2014-02-27",27,8,2,3,0,0,0,0,0,0,0,0,0,0,0,0,"0","0","0"
"2014-02-28",28,8,2,3,0,0,0,0,0,0,0,0,0,0,0,0,"0","0","0"
"2014-03-01",1,8,3,2,0,0,0,0,0,0,0,0,0,0,0,0,"0","0","0"
"2014-03-02",2,8,3,3,0,0,0,0,0,0,0,0,0,0,0,0,"0","0","0"
"2014-03-03",3,9,3,3,0,0,0,0,0,0,0,0,0,0,0,0,"0","0","0"
"2014-03-04",4,9,3,3,0,0,0,0,0,0,0,0,0,0,0,0,"0","0","0"
"2014-03-05",5,9,3,3,0,0,0,0,0,0,0,0,0,0,0,0,"0","0","0"
"2014-03-06",6,9,3,3,0,0,0,0,0,0,0,0,0,0,0,0,"0","0","0"
"2014-03-07",7,9,3,3,0,0,0,0,0,0,0,0,0,0,0,0,"0","0","0"
"2014-03-08",8,9,3,3,0,0,0,0,0,0,0,0,0,0,0,0,"0","0","0"
"2014-03-09",9,9,3,3,0,0,0,0,0,0,0,0,0,0,0,0,"0","0","0"
"2014-03-10",10,10,3,3,0,0,0,0,0,0,0,0,0,0,0,0,"0","0","0"
"2014-03-11",11,10,3,3,0,0,0,0,0,0,0,0,0,0,0,0,"0","0","0"
"2014-03-12",12,10,3,3,0,0,0,0,0,0,0,0,0,0,0,0,"0","0","0"
"2014-03-13",13,10,3,3,0,0,0,0,0,0,0,0,0,0,0,0,"0","0","0"
"2014-03-14",14,10,3,3,0,0,0,0,0,0,0,0,0,0,0,0,"0","0","0"
"2014-03-15",15,10,3,3,0,0,0,0,0,0,0,0,0,0,0,0,"0","0","0"
"2014-03-16",16,10,3,3,0,0,0,0,0,0,0,0,0,0,0,0,"0","0","0"
"2014-03-17",17,11,3,3,0,0,0,0,0,0,0,0,0,0,0,0,"0","0","0"
"2014-03-18",18,11,3,3,0,0,0,0,0,0,0,0,0,0,0,0,"0","0","0"
"2014-03-19",19,11,3,3,0,0,0,0,0,0,0,0,0,0,0,0,"0","0","0"
"2014-03-20",20,11,3,3,0,0,0,0,0,0,0,0,0,0,0,0,"0","0","0"
"2014-03-21",21,11,3,3,0,0,0,0,0,0,0,0,0,0,0,0,"0","0","0"
"2014-03-22",22,11,3,3,0,0,0,0,0,0,0,0,0,0,0,0,"0","0","0"
"2014-03-23",23,11,3,2,0,0,0,0,0,0,0,0,0,0,0,0,"0","0","0"
"2014-03-24",24,12,3,3,0,0,0,0,0,0,0,0,0,0,0,0,"0","0","0"
"2014-03-25",25,12,3,3,0,0,0,0,0,0,0,0,0,0,0,0,"0","0","0"
"2014-03-26",26,12,3,3,0,0,0,0,0,0,0,0,0,0,0,0,"0","0","0"
"2014-03-27",27,12,3,3,0,0,0,0,0,0,0,0,0,0,0,0,"0","0","0"
"2014-03-28",28,12,3,3,0,0,0,0,0,0,0,0,0,0,0,0,"0","0","0"
"2014-03-29",29,12,3,3,0,0,0,0,0,0,0,0,0,0,0,0,"0","0","0"
"2014-03-30",30,12,3,2,0,0,0,0,0,0,0,0,0,0,0,0,"0","0","0"
"2014-03-31",31,13,3,3,0,0,0,0,0,0,0,0,0,0,0,0,"0","0","0"
"2014-04-01",1,13,4,3,0,0,0,0,0,0,0,0,0,0,0,0,"0","0","0"
"2014-04-02",2,13,4,3,0,0,0,0,0,0,0,0,0,0,0,0,"0","0","0"
"2014-04-03",3,13,4,3,0,0,0,0,0,0,0,0,0,0,0,0,"0","0","0"
"2014-04-04",4,13,4,3,0,0,0,0,0,0,0,0,0,0,0,0,"0","0","0"
"2014-04-05",5,13,4,3,0,0,0,0,0,0,0,0,0,0,0,0,"0","0","0"
"2014-04-06",6,13,4,2,0,0,0,0,0,0,0,0,0,0,0,0,"0","0","0"
"2014-04-07",7,14,4,3,0,0,0,0,0,0,0,0,0,0,0,0,"0","0","0"
"2014-04-08",8,14,4,2,0,0,0,0,0,0,0,0,0,0,0,0,"0","0","0"
"2014-04-09",9,14,4,2,0,0,0,0,0,0,0,0,0,0,0,0,"0","0","0"
"2014-04-10",10,14,4,3,0,0,0,0,0,0,0,0,0,0,0,0,"0","0","0"
"2014-04-11",11,14,4,3,0,0,0,0,0,0,0,0,0,0,0,0,"0","0","0"
"2014-04-12",12,14,4,3,0,0,0,0,0,0,0,0,0,0,0,0,"0","0","0"
"2014-04-13",13,14,4,1,0,0,0,0,0,0,0,0,0,0,0,0,"0","0","0"
"2014-04-14",14,15,4,3,0,0,0,0,0,0,0,0,0,0,0,0,"0","0","0"
"2014-04-15",15,15,4,3,0,0,0,0,0,0,0,0,0,0,0,0,"0","0","0"
"2014-04-16",16,15,4,3,0,0,0,0,0,0,0,0,0,0,0,0,"0","0","0"
"2014-04-17",17,15,4,3,0,0,0,0,0,0,0,0,0,0,0,0,"0","0","0"
"2014-04-18",18,15,4,3,0,0,0,0,0,0,0,0,0,0,0,0,"0","0","0"
"2014-04-19",19,15,4,2,0,0,0,0,0,0,0,0,0,0,0,0,"0","0","0"
"2014-04-20",20,15,4,0,0,0,0,0,0,0,0,0,0,0,0,0,"0","0","0"
"2014-04-21",21,16,4,0,0,0,0,0,0,0,0,0,0,0,0,0,"0","0","0"
"2014-04-22",22,16,4,3,0,0,0,0,0,0,0,0,0,0,0,0,"0","0","0"
"2014-04-23",23,16,4,3,0,0,0,0,0,0,0,0,0,0,0,0,"0","0","0"
"2014-04-24",24,16,4,3,0,0,0,0,0,0,0,0,0,0,0,0,"0","0","0"
"2014-04-25",25,16,4,3,0,0,0,0,0,0,0,0,0,0,0,0,"0","0","0"
"2014-04-26",26,16,4,3,0,0,0,0,0,0,0,0,0,0,0,0,"0","0","0"
"2014-04-27",27,16,4,2,0,0,0,0,0,0,0,0,0,0,0,0,"0","0","0"
"2014-04-28",28,17,4,3,0,0,0,0,0,0,0,0,0,0,0,0,"0","0","0"
"2014-04-29",29,17,4,3,0,0,0,0,0,0,0,0,0,0,0,0,"0","0","0"
"2014-04-30",30,17,4,3,0,0,0,0,0,0,0,0,0,0,0,0,"0","0","0"
"2014-05-01",1,17,5,0,0,0,0,0,0,0,0,0,0,0,0,0,"0","0","0"
"2014-05-02",2,17,5,3,0,0,0,0,0,0,0,0,0,0,0,0,"0","0","0"
"2014-05-03",3,17,5,2,0,0,0,0,0,0,0,0,0,0,0,0,"0","0","0"
"2014-05-04",4,17,5,2,0,0,0,0,0,0,0,0,0,0,0,0,"0","0","0"
"2014-05-05",5,18,5,3,0,0,0,0,0,0,0,0,0,0,0,0,"0","0","0"
"2014-05-06",6,18,5,3,0,0,0,0,0,0,0,0,0,0,0,0,"0","0","0"
"2014-05-07",7,18,5,4,0,0,0,0,0,0,0,0,0,0,0,0,"0","0","0"
"2014-05-08",8,18,5,3,0,0,0,0,0,0,0,0,0,0,0,0,"0","0","0"
"2014-05-09",9,18,5,3,0,0,0,0,0,0,0,0,0,0,0,0,"0","0","0"
"2014-05-10",10,18,5,3,0,0,0,0,0,0,0,0,0,0,0,0,"0","0","0"
"2014-05-11",11,18,5,2,0,0,0,0,0,0,0,0,0,0,0,0,"0","0","0"
"2014-05-12",12,19,5,4,0,0,0,0,0,0,0,0,0,0,0,0,"0","0","0"
"2014-05-13",13,19,5,4,0,0,0,0,0,0,0,0,0,0,0,0,"0","0","0"
"2014-05-14",14,19,5,4,0,0,0,0,0,0,0,0,0,0,0,0,"0","0","0"
"2014-05-15",15,19,5,5,0,0,0,0,0,0,0,0,0,0,0,0,"0","0","0"
"2014-05-16",16,19,5,5,0,0,0,0,0,0,0,0,0,0,0,0,"0","0","0"
"2014-05-17",17,19,5,5,0,0,0,0,0,0,0,0,0,0,0,0,"0","0","0"
"2014-05-18",18,19,5,4,0,0,0,0,0,0,0,0,0,0,0,0,"0","0","0"
"2014-05-19",19,20,5,5,0,0,0,0,0,0,0,0,0,0,0,0,"0","0","0"
"2014-05-20",20,20,5,5,0,0,0,0,0,0,0,0,0,0,0,0,"0","0","0"
"2014-05-21",21,20,5,5,0,0,0,0,0,0,0,0,0,0,0,0,"0","0","0"
"2014-05-22",22,20,5,5,0,0,0,0,0,0,0,0,0,0,0,0,"0","0","0"
"2014-05-23",23,20,5,5,0,0,0,0,0,0,0,0,0,0,0,0,"0","0","0"
"2014-05-24",24,20,5,5,0,0,0,0,0,0,0,0,0,0,0,0,"0","0","0"
"2014-05-25",25,20,5,4,0,0,0,0,0,0,0,0,0,0,0,0,"0","0","0"
"2014-05-26",26,21,5,5,0,0,0,0,0,0,0,0,0,0,0,0,"0","0","0"
"2014-05-27",27,21,5,5,0,0,0,0,0,0,0,0,0,0,0,0,"0","0","0"
"2014-05-28",28,21,5,5,0,0,0,0,0,0,0,0,0,0,0,0,"0","0","0"
"2014-05-29",29,21,5,5,0,0,0,0,0,0,0,0,0,0,0,0,"0","0","0"
"2014-05-30",30,21,5,5,0,0,0,0,0,0,0,0,0,0,0,0,"0","0","0"
"2014-05-31",31,21,5,5,0,0,0,0,0,0,0,0,0,0,0,0,"0","0","0"
"2014-06-01",1,21,6,4,0,0,0,0,0,0,0,0,0,0,0,0,"0","0","0"
"2014-06-02",2,22,6,5,0,0,0,0,0,0,0,0,0,0,0,0,"0","0","0"
"2014-06-03",3,22,6,5,0,0,0,0,0,0,0,0,0,0,0,0,"0","0","0"
"2014-06-04",4,22,6,5,0,0,0,0,0,0,0,0,0,0,0,0,"0","0","0"
"2014-06-05",5,22,6,5,0,0,0,0,0,0,0,0,0,0,0,0,"0","0","0"
"2014-06-06",6,22,6,5,0,0,0,0,0,0,0,0,0,0,0,0,"0","0","0"
"2014-06-07",7,22,6,5,0,0,0,0,0,0,0,0,0,0,0,0,"0","0","0"
"2014-06-08",8,22,6,4,0,0,0,0,0,0,0,0,0,0,0,0,"0","0","0"
"2014-06-09",9,23,6,5,0,0,0,0,0,0,0,0,0,0,0,0,"0","0","0"
"2014-06-10",10,23,6,5,0,0,0,0,0,0,0,0,0,0,0,0,"0","0","0"
"2014-06-11",11,23,6,5,0,0,0,0,0,0,0,0,0,0,0,0,"0","0","0"
"2014-06-12",12,23,6,5,0,0,0,0,0,0,0,0,0,0,0,0,"0","0","0"
"2014-06-13",13,23,6,5,0,0,0,0,0,0,0,0,0,0,0,0,"0","0","0"
"2014-06-14",14,23,6,5,0,0,0,0,0,0,0,0,0,0,0,0,"0","0","0"
"2014-06-15",15,23,6,4,0,0,0,0,0,0,0,0,0,0,0,0,"0","0","0"
"2014-06-16",16,24,6,5,0,0,0,0,0,0,0,0,0,0,0,0,"0","0","0"
"2014-06-17",17,24,6,5,0,0,0,0,0,0,0,0,0,0,0,0,"0","0","0"
"2014-06-18",18,24,6,5,0,0,0,0,0,0,0,0,0,0,0,0,"0","0","0"
"2014-06-19",19,24,6,5,0,0,0,0,0,0,0,0,0,0,0,0,"0","0","0"
"2014-06-20",20,24,6,5,0,0,0,0,0,0,0,0,0,0,0,0,"0","0","0"
"2014-06-21",21,24,6,5,0,0,0,0,0,0,0,0,0,0,0,0,"0","0","0"
"2014-06-22",22,24,6,4,0,0,0,0,0,0,0,0,0,0,0,0,"0","0","0"
"2014-06-23",23,25,6,5,0,0,0,0,0,0,0,0,0,0,0,0,"0","0","0"
"2014-06-24",24,25,6,4,0,0,0,0,0,0,0,0,0,0,0,0,"0","0","0"
"2014-06-25",25,25,6,5,0,0,0,0,0,0,0,0,0,0,0,0,"0","0","0"
"2014-06-26",26,25,6,5,0,0,0,0,0,0,0,0,0,0,0,0,"0","0","0"
"2014-06-27",27,25,6,5,0,0,0,0,0,0,0,0,0,0,0,0,"0","0","0"
"2014-06-28",28,25,6,5,0,0,0,0,0,0,0,0,0,0,0,0,"0","0","0"
"2014-06-29",29,25,6,4,0,0,0,0,0,0,0,0,0,0,0,0,"0","0","0"
"2014-06-30",30,26,6,5,0,0,0,0,0,0,0,0,0,0,0,0,"0","0","0"
"2014-07-01",1,26,7,5,0,0,0,0,0,0,0,0,0,0,0,0,"0","0","0"
"2014-07-02",2,26,7,5,0,0,0,0,0,0,0,0,0,0,0,0,"0","0","0"
"2014-07-03",3,26,7,5,0,0,0,0,0,0,0,0,0,0,0,0,"0","0","0"
"2014-07-04",4,26,7,5,0,0,0,0,0,0,0,0,0,0,0,0,"0","0","0"
"2014-07-05",5,26,7,3,0,0,0,0,0,0,0,0,0,0,0,0,"0","0","0"
"2014-07-06",6,26,7,0,0,0,0,0,0,0,0,0,0,0,0,0,"0","0","0"
"2014-07-07",7,27,7,5,0,0,0,0,0,0,0,0,0,0,0,0,"0","0","0"
"2014-07-08",8,27,7,5,0,0,0,0,0,0,0,0,0,0,0,0,"0","0","0"
"2014-07-09",9,27,7,5,0,0,0,0,0,0,0,0,0,0,0,0,"0","0","0"
"2014-07-10",10,27,7,5,0,0,0,0,0,0,0,0,0,0,0,0,"0","0","0"
"2014-07-11",11,27,7,5,0,0,0,0,0,0,0,0,0,0,0,0,"0","0","0"
"2014-07-12",12,27,7,4,0,0,0,0,0,0,0,0,0,0,0,0,"0","0","0"
"2014-07-13",13,27,7,4,0,0,0,0,0,0,0,0,0,0,0,0,"0","0","0"
"2014-07-14",14,28,7,5,0,0,0,0,0,0,0,0,0,0,0,0,"0","0","0"
"2014-07-15",15,28,7,5,0,0,0,0,0,0,0,0,0,0,0,0,"0","0","0"
"2014-07-16",16,28,7,5,0,0,0,0,0,0,0,0,0,0,0,0,"0","0","0"
"2014-07-17",17,28,7,5,0,0,0,0,0,0,0,0,0,0,0,0,"0","0","0"
"2014-07-18",18,28,7,5,0,0,0,0,0,0,0,0,0,0,0,0,"0","0","0"
"2014-07-19",19,28,7,4,0,0,0,0,0,0,0,0,0,0,0,0,"0","0","0"
"2014-07-20",20,28,7,4,0,0,0,0,0,0,0,0,0,0,0,0,"0","0","0"
"2014-07-21",21,29,7,5,0,0,0,0,0,0,0,0,0,0,0,0,"0","0","0"
"2014-07-22",22,29,7,5,0,0,0,0,0,0,0,0,0,0,0,0,"0","0","0"
"2014-07-23",23,29,7,5,0,0,0,0,0,0,0,0,0,0,0,0,"0","0","0"
"2014-07-24",24,29,7,5,0,0,0,0,0,0,0,0,0,0,0,0,"0","0","0"
"2014-07-25",25,29,7,5,0,0,0,0,0,0,0,0,0,0,0,0,"0","0","0"
"2014-07-26",26,29,7,4,0,0,0,0,0,0,0,0,0,0,0,0,"0","0","0"
"2014-07-27",27,29,7,4,0,0,0,0,0,0,0,0,0,0,0,0,"0","0","0"
"2014-07-28",28,30,7,5,0,0,0,0,0,0,0,0,0,0,0,0,"0","0","0"
"2014-07-29",29,30,7,5,0,0,0,0,0,0,0,0,0,0,0,0,"0","0","0"
"2014-07-30",30,30,7,5,0,0,0,0,0,0,0,0,0,0,0,0,"0","0","0"
"2014-07-31",31,30,7,5,0,0,0,0,0,0,0,0,0,0,0,0,"0","0","0"
"2014-08-01",1,30,8,5,0,0,0,0,0,0,0,0,0,0,0,0,"0","0","0"
"2014-08-02",2,30,8,4,0,0,0,0,0,0,0,0,0,0,0,0,"0","0","0"
"2014-08-03",3,30,8,4,0,0,0,0,0,0,0,0,0,0,0,0,"0","0","0"
"2014-08-04",4,31,8,5,0,0,0,0,0,0,0,0,0,0,0,0,"0","0","0"
"2014-08-05",5,31,8,4,0,0,0,0,0,0,0,0,0,0,0,0,"0","0","0"
"2014-08-06",6,31,8,5,0,0,0,0,0,0,0,0,0,0,0,0,"0","0","0"
"2014-08-07",7,31,8,5,0,0,0,0,0,0,0,0,0,0,0,0,"0","0","0"
"2014-08-08",8,31,8,6,0,0,0,0,0,0,0,0,0,0,0,0,"0","0","0"
"2014-08-09",9,31,8,5,0,0,0,0,0,0,0,0,0,0,0,0,"0","0","0"
"2014-08-10",10,31,8,5,0,0,0,0,0,0,0,0,0,0,0,0,"0","0","0"
"2014-08-11",11,32,8,5,0,0,0,0,0,0,0,0,0,0,0,0,"0","0","0"
"2014-08-12",12,32,8,6,0,0,0,0,0,0,0,0,0,0,0,0,"0","0","0"
"2014-08-13",13,32,8,5,0,0,0,0,0,0,0,0,0,0,0,0,"0","0","0"
"2014-08-14",14,32,8,6,0,0,0,0,0,0,0,0,0,0,0,0,"0","0","0"
"2014-08-15",15,32,8,6,0,0,0,0,0,0,0,0,0,0,0,0,"0","0","0"
"2014-08-16",16,32,8,5,0,0,0,0,0,0,0,0,0,0,0,0,"0","0","0"
"2014-08-17",17,32,8,5,0,0,0,0,0,0,0,0,0,0,0,0,"0","0","0"
"2014-08-18",18,33,8,6,0,0,0,0,0,0,0,0,0,0,0,0,"0","0","0"
"2014-08-19",19,33,8,6,0,0,0,0,0,0,0,0,0,0,0,0,"0","0","0"
"2014-08-20",20,33,8,6,0,0,0,0,0,0,0,0,0,0,0,0,"0","0","0"
"2014-08-21",21,33,8,6,0,0,0,0,0,0,0,0,0,0,0,0,"0","0","0"
"2014-08-22",22,33,8,6,0,0,0,0,0,0,0,0,0,0,0,0,"0","0","0"
"2014-08-23",23,33,8,5,0,0,0,0,0,0,0,0,0,0,0,0,"0","0","0"
"2014-08-24",24,33,8,5,0,0,0,0,0,0,0,0,0,0,0,0,"0","0","0"
"2014-08-25",25,34,8,6,0,0,0,0,0,0,0,0,0,0,0,0,"0","0","0"
"2014-08-26",26,34,8,6,0,0,0,0,0,0,0,0,0,0,0,0,"0","0","0"
"2014-08-27",27,34,8,6,0,0,0,0,0,0,0,0,0,0,0,0,"0","0","0"
"2014-08-28",28,34,8,6,0,0,0,0,0,0,0,0,0,0,0,0,"0","0","0"
"2014-08-29",29,34,8,6,0,0,0,0,0,0,0,0,0,0,0,0,"0","0","0"
"2014-08-30",30,34,8,5,0,0,0,0,0,0,0,0,0,0,0,0,"0","0","0"
"2014-08-31",31,34,8,5,0,0,0,0,0,0,0,0,0,0,0,0,"0","0","0"
"2014-09-01",1,35,9,6,0,0,0,0,0,0,0,0,0,0,0,0,"0","0","0"
"2014-09-02",2,35,9,6,0,0,0,0,0,0,0,0,0,0,0,0,"0","0","0"
"2014-09-03",3,35,9,6,0,0,0,0,0,0,0,0,0,0,0,0,"0","0","0"
"2014-09-04",4,35,9,6,0,0,0,0,0,0,0,0,0,0,0,0,"0","0","0"
"2014-09-05",5,35,9,6,0,0,0,0,0,0,0,0,0,0,0,0,"0","0","0"
"2014-09-06",6,35,9,5,0,0,0,0,0,0,0,0,0,0,0,0,"0","0","0"
"2014-09-07",7,35,9,5,0,0,0,0,0,0,0,0,0,0,0,0,"0","0","0"
"2014-09-08",8,36,9,6,0,0,0,0,0,0,0,0,0,0,0,0,"0","0","0"
"2014-09-09",9,36,9,6,0,0,0,0,0,0,0,0,0,0,0,0,"0","0","0"
"2014-09-10",10,36,9,6,0,0,0,0,0,0,0,0,0,0,0,0,"0","0","0"
"2014-09-11",11,36,9,5,0,0,0,0,0,0,0,0,0,0,0,0,"0","0","0"
"2014-09-12",12,36,9,5,0,0,0,0,0,0,0,0,0,0,0,0,"0","0","0"
"2014-09-13",13,36,9,5,0,0,0,0,0,0,0,0,0,0,0,0,"0","0","0"
"2014-09-14",14,36,9,5,0,0,0,0,0,0,0,0,0,0,0,0,"0","0","0"
"2014-09-15",15,37,9,5,0,0,0,0,0,0,0,0,0,0,0,0,"0","0","0"
"2014-09-16",16,37,9,6,0,0,0,0,0,0,0,0,0,0,0,0,"0","0","0"
"2014-09-17",17,37,9,6,0,0,0,0,0,0,0,0,0,0,0,0,"0","0","0"
"2014-09-18",18,37,9,6,0,0,0,0,0,0,0,0,0,0,0,0,"0","0","0"
"2014-09-19",19,37,9,6,0,0,0,0,0,0,0,0,0,0,0,0,"0","0","0"
"2014-09-20",20,37,9,6,0,0,0,0,0,0,0,0,0,0,0,0,"0","0","0"
"2014-09-21",21,37,9,5,0,0,0,0,0,0,0,0,0,0,0,0,"0","0","0"
"2014-09-22",22,38,9,6,0,0,0,0,0,0,0,0,0,0,0,0,"0","0","0"
"2014-09-23",23,38,9,6,0,0,0,0,0,0,0,0,0,0,0,0,"0","0","0"
"2014-09-24",24,38,9,6,0,0,0,0,0,0,0,0,0,0,0,0,"0","0","0"
"2014-09-25",25,38,9,6,0,0,0,0,0,0,0,0,0,0,0,0,"0","0","0"
"2014-09-26",26,38,9,6,0,0,0,0,0,0,0,0,0,0,0,0,"0","0","0"
"2014-09-27",27,38,9,5,0,0,0,0,0,0,0,0,0,0,0,0,"0","0","0"
"2014-09-28",28,38,9,5,0,0,0,0,0,0,0,0,0,0,0,0,"0","0","0"
"2014-09-29",29,39,9,6,0,0,0,0,0,0,0,0,0,0,0,0,"0","0","0"
"2014-09-30",30,39,9,6,0,0,0,0,0,0,0,0,0,0,0,0,"0","0","0"
"2014-10-01",1,39,10,6,0,0,0,0,0,0,0,0,0,0,0,0,"0","0","0"
"2014-10-02",2,39,10,6,0,0,0,0,0,0,0,0,0,0,0,0,"0","0","0"
"2014-10-03",3,39,10,6,0,0,0,0,0,0,0,0,0,0,0,0,"0","0","0"
"2014-10-04",4,39,10,6,0,0,0,0,0,0,0,0,0,0,0,0,"0","0","0"
"2014-10-05",5,39,10,5,0,0,0,0,0,0,0,0,0,0,0,0,"0","0","0"
"2014-10-06",6,40,10,6,0,0,0,0,0,0,0,0,0,0,0,0,"0","0","0"
"2014-10-07",7,40,10,6,0,0,0,0,0,0,0,0,0,0,0,0,"0","0","0"
"2014-10-08",8,40,10,6,0,0,0,0,0,0,0,0,0,0,0,0,"0","0","0"
"2014-10-09",9,40,10,6,0,0,0,0,0,0,0,0,0,0,0,0,"0","0","0"
"2014-10-10",10,40,10,6,0,0,0,0,0,0,0,0,0,0,0,0,"0","0","0"
"2014-10-11",11,40,10,6,0,0,0,0,0,0,0,0,0,0,0,0,"0","0","0"
"2014-10-12",12,40,10,5,0,0,0,0,0,0,0,0,0,0,0,0,"0","0","0"
"2014-10-13",13,41,10,6,0,0,0,0,0,0,0,0,0,0,0,0,"0","0","0"
"2014-10-14",14,41,10,6,0,0,0,0,0,0,0,0,0,0,0,0,"0","0","0"
"2014-10-15",15,41,10,6,0,0,0,0,0,0,0,0,0,0,0,0,"0","0","0"
"2014-10-16",16,41,10,6,0,0,0,0,0,0,0,0,0,0,0,0,"0","0","0"
"2014-10-17",17,41,10,6,0,0,0,0,0,0,0,0,0,0,0,0,"0","0","0"
"2014-10-18",18,41,10,6,0,0,0,0,0,0,0,0,0,0,0,0,"0","0","0"
"2014-10-19",19,41,10,5,0,0,0,0,0,0,0,0,0,0,0,0,"0","0","0"
"2014-10-20",20,42,10,6,0,0,0,0,0,0,0,0,0,0,0,0,"0","0","0"
"2014-10-21",21,42,10,6,0,0,0,0,0,0,0,0,0,0,0,0,"0","0","0"
"2014-10-22",22,42,10,6,0,0,0,0,0,0,0,0,0,0,0,0,"0","0","0"
"2014-10-23",23,42,10,6,0,0,0,0,0,0,0,0,0,0,0,0,"0","0","0"
"2014-10-24",24,42,10,6,0,0,0,0,0,0,0,0,0,0,0,0,"0","0","0"
"2014-10-25",25,42,10,6,0,0,0,0,0,0,0,0,0,0,0,0,"0","0","0"
"2014-10-26",26,42,10,5,0,0,0,0,0,0,0,0,0,0,0,0,"0","0","0"
"2014-10-27",27,43,10,6,0,0,0,0,0,0,0,0,0,0,0,0,"0","0","0"
"2014-10-28",28,43,10,5,0,0,0,0,0,0,0,0,0,0,0,0,"0","0","0"
"2014-10-29",29,43,10,6,0,0,0,0,0,0,0,0,0,0,0,0,"0","0","0"
"2014-10-30",30,43,10,6,0,0,0,0,0,0,0,0,0,0,0,0,"0","0","0"
"2014-10-31",31,43,10,6,0,0,0,0,0,0,0,0,0,0,0,0,"0","0","0"
"2014-11-01",1,43,11,6,0,0,0,0,0,0,0,0,0,0,0,0,"0","0","0"
"2014-11-02",2,43,11,5,0,0,0,0,0,0,0,0,0,0,0,0,"0","0","0"
"2014-11-03",3,44,11,7,0,0,0,0,0,0,0,0,0,0,0,0,"0","0","0"
"2014-11-04",4,44,11,6,0,0,0,0,0,0,0,0,0,0,0,0,"0","0","0"
"2014-11-05",5,44,11,6,0,0,0,0,0,0,0,0,0,0,0,0,"0","0","0"
"2014-11-06",6,44,11,7,0,0,0,0,0,0,0,0,0,0,0,0,"0","0","0"
"2014-11-07",7,44,11,7,0,0,0,0,0,0,0,0,0,0,0,0,"0","0","0"
"2014-11-08",8,44,11,7,0,0,0,0,0,0,0,0,0,0,0,0,"0","0","0"
"2014-11-09",9,44,11,6,0,0,0,0,0,0,0,0,0,0,0,0,"0","0","0"
"2014-11-10",10,45,11,7,0,0,0,0,0,0,0,0,0,0,0,0,"0","0","0"
"2014-11-11",11,45,11,7,0,0,0,0,0,0,0,0,0,0,0,0,"0","0","0"
"2014-11-12",12,45,11,7,0,0,0,0,0,0,0,0,0,0,0,0,"0","0","0"
"2014-11-13",13,45,11,7,0,0,0,0,0,0,0,0,0,0,0,0,"0","0","0"
"2014-11-14",14,45,11,6,0,0,0,0,0,0,0,0,0,0,0,0,"0","0","0"
"2014-11-15",15,45,11,7,0,0,0,0,0,0,0,0,0,0,0,0,"0","0","0"
"2014-11-16",16,45,11,6,0,0,0,0,0,0,0,0,0,0,0,0,"0","0","0"
"2014-11-17",17,46,11,7,0,0,0,0,0,0,0,0,0,0,0,0,"0","0","0"
"2014-11-18",18,46,11,7,0,0,0,0,0,0,0,0,0,0,0,0,"0","0","0"
"2014-11-19",19,46,11,7,0,0,0,0,0,0,0,0,0,0,0,0,"0","0","0"
"2014-11-20",20,46,11,7,0,0,0,0,0,0,0,0,0,0,0,0,"0","0","0"
"2014-11-21",21,46,11,8,0,0,0,0,0,0,0,0,0,0,0,0,"0","0","0"
"2014-11-22",22,46,11,7,0,0,0,0,0,0,0,0,0,0,0,0,"0","0","0"
"2014-11-23",23,46,11,7,0,0,0,0,0,0,0,0,0,0,0,0,"0","0","0"
"2014-11-24",24,47,11,8,0,0,0,0,0,0,0,0,0,0,0,0,"0","0","0"
"2014-11-25",25,47,11,7,0,0,0,0,0,0,0,0,0,0,0,0,"0","0","0"
"2014-11-26",26,47,11,8,0,0,0,0,0,0,0,0,0,0,0,0,"0","0","0"
"2014-11-27",27,47,11,8,0,0,0,0,0,0,0,0,0,0,0,0,"0","0","0"
"2014-11-28",28,47,11,8,0,0,0,0,0,0,0,0,0,0,0,0,"0","0","0"
"2014-11-29",29,47,11,7,0,0,0,0,0,0,0,0,0,0,0,0,"0","0","0"
"2014-11-30",30,47,11,7,0,0,0,0,0,0,0,0,0,0,0,0,"0","0","0"
"2014-12-01",1,48,12,8,0,0,0,0,0,0,0,0,0,0,0,0,"0","0","0"
"2014-12-02",2,48,12,8,0,0,0,0,0,0,0,0,0,0,0,0,"0","0","0"
"2014-12-03",3,48,12,9,0,0,0,0,0,0,0,0,0,0,0,0,"0","0","0"
"2014-12-04",4,48,12,9,0,0,0,0,0,0,0,0,0,0,0,0,"0","0","0"
"2014-12-05",5,48,12,10,0,0,0,0,0,0,0,0,0,0,0,0,"0","0","0"
"2014-12-06",6,48,12,10,0,0,0,0,0,0,0,0,0,0,0,0,"0","0","0"
"2014-12-07",7,48,12,9,0,0,0,0,0,0,0,0,0,0,0,0,"0","0","0"
"2014-12-08",8,49,12,10,0,0,0,0,0,0,0,0,0,0,0,0,"0","0","0"
"2014-12-09",9,49,12,10,0,0,0,0,0,0,0,0,0,0,0,0,"0","0","0"
"2014-12-10",10,49,12,10,0,0,0,0,0,0,0,0,0,0,0,0,"0","0","0"
"2014-12-11",11,49,12,10,0,0,0,0,0,0,0,0,0,0,0,0,"0","0","0"
"2014-12-12",12,49,12,10,0,0,0,0,0,0,0,0,0,0,0,0,"0","0","0"
"2014-12-13",13,49,12,10,0,0,0,0,0,0,0,0,0,0,0,0,"0","0","0"
"2014-12-14",14,49,12,9,0,0,0,0,0,0,0,0,0,0,0,0,"0","0","0"
"2014-12-15",15,50,12,10,0,0,0,0,0,0,0,0,0,0,0,0,"0","0","0"
"2014-12-16",16,50,12,10,0,0,0,0,0,0,0,0,0,0,0,0,"0","0","0"
"2014-12-17",17,50,12,10,0,0,0,0,0,0,0,0,0,0,0,0,"0","0","0"
"2014-12-18",18,50,12,10,0,0,0,0,0,0,0,0,0,0,0,0,"0","0","0"
"2014-12-19",19,50,12,10,0,0,0,0,0,0,0,0,0,0,0,0,"0","0","0"
"2014-12-20",20,50,12,10,0,0,0,0,0,0,0,0,0,0,0,0,"0","0","0"
"2014-12-21",21,50,12,9,0,0,0,0,0,0,0,0,0,0,0,0,"0","0","0"
"2014-12-22",22,51,12,10,0,0,0,0,0,0,0,0,0,0,0,0,"0","0","0"
"2014-12-23",23,51,12,10,0,0,0,0,0,0,0,0,0,0,0,0,"0","0","0"
"2014-12-24",24,51,12,8,0,0,0,0,0,0,0,0,0,0,0,0,"0","0","0"
"2014-12-25",25,51,12,0,0,0,0,0,0,0,0,0,0,0,0,0,"0","0","0"
"2014-12-26",26,51,12,8,0,0,0,0,0,0,0,0,0,0,0,0,"0","0","0"
"2014-12-27",27,51,12,9,0,0,0,0,0,0,0,0,0,0,0,0,"0","0","0"
"2014-12-28",28,51,12,9,0,0,0,0,0,0,0,0,0,0,0,0,"0","0","0"
"2014-12-29",29,52,12,9,0,0,0,0,0,0,0,0,0,0,0,0,"0","0","0"
"2014-12-30",30,52,12,9,0,0,0,0,0,0,0,0,0,0,0,0,"0","0","0"
"2014-12-31",31,52,12,9,0,0,0,0,0,0,0,0,0,0,0,0,"0","0","0"
"2015-01-01",1,0,1,0,0,0,0,0,0,0,0,0,0,0,0,0,"0","0","0"
"2015-01-02",2,0,1,9,0,0,0,0,0,0,0,0,0,0,0,0,"0","0","0"
"2015-01-03",3,0,1,9,0,0,0,0,0,0,0,0,0,0,0,0,"0","0","0"
"2015-01-04",4,0,1,9,0,0,0,0,0,0,0,0,0,0,0,0,"0","0","0"
"2015-01-05",5,1,1,10,0,0,0,0,0,0,0,0,0,0,0,0,"0","0","0"
"2015-01-06",6,1,1,10,0,0,0,0,0,0,0,0,0,0,0,0,"0","0","0"
"2015-01-07",7,1,1,10,0,0,0,0,0,0,0,0,0,0,0,0,"0","0","0"
"2015-01-08",8,1,1,10,0,0,0,0,0,0,0,0,0,0,0,0,"0","0","0"
"2015-01-09",9,1,1,10,0,0,0,0,0,0,0,0,0,0,0,0,"0","0","0"
"2015-01-10",10,1,1,10,0,0,0,0,0,0,0,0,0,0,0,0,"0","0","0"
"2015-01-11",11,1,1,10,0,0,0,0,0,0,0,0,0,0,0,0,"0","0","0"
"2015-01-12",12,2,1,10,0,0,0,0,0,0,0,0,0,0,0,0,"0","0","0"
"2015-01-13",13,2,1,10,0,0,0,0,0,0,0,0,0,0,0,0,"0","0","0"
"2015-01-14",14,2,1,10,0,0,0,0,0,0,0,0,0,0,0,0,"0","0","0"
"2015-01-15",15,2,1,10,0,0,0,0,0,0,0,0,0,0,0,0,"0","0","0"
"2015-01-16",16,2,1,10,0,0,0,0,0,0,0,0,0,0,0,0,"0","0","0"
"2015-01-17",17,2,1,10,0,0,0,0,0,0,0,0,0,0,0,0,"0","0","0"
"2015-01-18",18,2,1,9,0,0,0,0,0,0,0,0,0,0,0,0,"0","0","0"
"2015-01-19",19,3,1,10,0,0,0,0,0,0,0,0,0,0,0,0,"0","0","0"
"2015-01-20",20,3,1,10,0,0,0,0,0,0,0,0,0,0,0,0,"0","0","0"
"2015-01-21",21,3,1,10,0,0,0,0,0,0,0,0,0,0,0,0,"0","0","0"
"2015-01-22",22,3,1,10,0,0,0,0,0,0,0,0,0,0,0,0,"0","0","0"
"2015-01-23",23,3,1,10,0,0,0,0,0,0,0,0,0,0,0,0,"0","0","0"
"2015-01-24",24,3,1,10,0,0,0,0,0,0,0,0,0,0,0,0,"0","0","0"
"2015-01-25",25,3,1,9,0,0,0,0,0,0,0,0,0,0,0,0,"0","0","0"
"2015-01-26",26,4,1,10,0,0,0,0,0,0,0,0,0,0,0,0,"0","0","0"
"2015-01-27",27,4,1,10,0,0,0,0,0,0,0,0,0,0,0,0,"0","0","0"
"2015-01-28",28,4,1,10,0,0,0,0,0,0,0,0,0,0,0,0,"0","0","0"
"2015-01-29",29,4,1,10,0,0,0,0,0,0,0,0,0,0,0,0,"0","0","0"
"2015-01-30",30,4,1,10,0,0,0,0,0,0,0,0,0,0,0,0,"0","0","0"
"2015-01-31",31,4,1,10,0,0,0,0,0,0,0,0,0,0,0,0,"0","0","0"
"2015-02-01",1,4,2,9,0,0,0,0,0,0,0,0,0,0,0,0,"0","0","0"
"2015-02-02",2,5,2,10,0,0,0,0,0,0,0,0,0,0,0,0,"0","0","0"
"2015-02-03",3,5,2,10,0,0,0,0,0,0,0,0,0,0,0,0,"0","0","0"
"2015-02-04",4,5,2,10,0,0,0,0,0,0,0,0,0,0,0,0,"0","0","0"
"2015-02-05",5,5,2,10,0,0,0,0,0,0,0,0,0,0,0,0,"0","0","0"
"2015-02-06",6,5,2,10,0,0,0,0,0,0,0,0,0,0,0,0,"0","0","0"
"2015-02-07",7,5,2,9,0,0,0,0,0,0,0,0,0,0,0,0,"0","0","0"
"2015-02-08",8,5,2,9,0,0,0,0,0,0,0,0,0,0,0,0,"0","0","0"
"2015-02-09",9,6,2,10,0,0,0,0,0,0,0,0,0,0,0,0,"0","0","0"
"2015-02-10",10,6,2,10,0,0,0,0,0,0,0,0,0,0,0,0,"0","0","0"
"2015-02-11",11,6,2,10,0,0,0,0,0,0,0,0,0,0,0,0,"0","0","0"
"2015-02-12",12,6,2,10,0,0,0,0,0,0,0,0,0,0,0,0,"0","0","0"
"2015-02-13",13,6,2,10,0,0,0,0,0,0,0,0,0,0,0,0,"0","0","0"
"2015-02-14",14,6,2,10,0,0,0,0,0,0,0,0,0,0,0,0,"0","0","0"
"2015-02-15",15,6,2,9,0,0,0,0,0,0,0,0,0,0,0,0,"0","0","0"
"2015-02-16",16,7,2,9,0,0,0,0,0,0,0,0,0,0,0,0,"0","0","0"
"2015-02-17",17,7,2,10,0,0,0,0,0,0,0,0,0,0,0,0,"0","0","0"
"2015-02-18",18,7,2,10,0,0,0,0,0,0,0,0,0,0,0,0,"0","0","0"
"2015-02-19",19,7,2,10,0,0,0,0,0,0,0,0,0,0,0,0,"0","0","0"
"2015-02-20",20,7,2,11,0,0,0,0,0,0,0,0,0,0,0,0,"0","0","0"
"2015-02-21",21,7,2,11,0,0,0,0,0,0,0,0,0,0,0,0,"0","0","0"
"2015-02-22",22,7,2,10,0,0,0,0,0,0,0,0,0,0,0,0,"0","0","0"
"2015-02-23",23,8,2,11,0,0,0,0,0,0,0,0,0,0,0,0,"0","0","0"
"2015-02-24",24,8,2,11,0,0,0,0,0,0,0,0,0,0,0,0,"0","0","0"
"2015-02-25",25,8,2,11,0,0,0,0,0,0,0,0,0,0,0,0,"0","0","0"
"2015-02-26",26,8,2,11,0,0,0,0,0,0,0,0,0,0,0,0,"0","0","0"
"2015-02-27",27,8,2,11,0,0,0,0,0,0,0,0,0,0,0,0,"0","0","0"
"2015-02-28",28,8,2,11,0,0,0,0,0,0,0,0,0,0,0,0,"0","0","0"
"2015-03-01",1,8,3,10,0,0,0,0,0,0,0,0,0,0,0,0,"0","0","0"
"2015-03-02",2,9,3,11,0,0,0,0,0,0,0,0,0,0,0,0,"0","0","0"
"2015-03-03",3,9,3,11,0,0,0,0,0,0,0,0,0,0,0,0,"0","0","0"
"2015-03-04",4,9,3,11,0,0,0,0,0,0,0,0,0,0,0,0,"0","0","0"
"2015-03-05",5,9,3,11,0,0,0,0,0,0,0,0,0,0,0,0,"0","0","0"
"2015-03-06",6,9,3,11,0,0,0,0,0,0,0,0,0,0,0,0,"0","0","0"
"2015-03-07",7,9,3,10,0,0,0,0,0,0,0,0,0,0,0,0,"0","0","0"
"2015-03-08",8,9,3,10,0,0,0,0,0,0,0,0,0,0,0,0,"0","0","0"
"2015-03-09",9,10,3,10,0,0,0,0,0,0,0,0,0,0,0,0,"0","0","0"
"2015-03-10",10,10,3,11,0,0,0,0,0,0,0,0,0,0,0,0,"0","0","0"
"2015-03-11",11,10,3,11,0,0,0,0,0,0,0,0,0,0,0,0,"0","0","0"
"2015-03-12",12,10,3,11,0,0,0,0,0,0,0,0,0,0,0,0,"0","0","0"
"2015-03-13",13,10,3,11,0,0,0,0,0,0,0,0,0,0,0,0,"0","0","0"
"2015-03-14",14,10,3,11,0,0,0,0,0,0,0,0,0,0,0,0,"0","0","0"
"2015-03-15",15,10,3,10,0,0,0,0,0,0,0,0,0,0,0,0,"0","0","0"
"2015-03-16",16,11,3,11,0,0,0,0,0,0,0,0,0,0,0,0,"0","0","0"
"2015-03-17",17,11,3,11,0,0,0,0,0,0,0,0,0,0,0,0,"0","0","0"
"2015-03-18",18,11,3,11,0,0,0,0,0,0,0,0,0,0,0,0,"0","0","0"
"2015-03-19",19,11,3,11,0,0,0,0,0,0,0,0,0,0,0,0,"0","0","0"
"2015-03-20",20,11,3,10,0,0,0,0,0,0,0,0,0,0,0,0,"0","0","0"
"2015-03-21",21,11,3,11,0,0,0,0,0,0,0,0,0,0,0,0,"0","0","0"
"2015-03-22",22,11,3,10,0,0,0,0,0,0,0,0,0,0,0,0,"0","0","0"
"2015-03-23",23,12,3,11,0,0,0,0,0,0,0,0,0,0,0,0,"0","0","0"
"2015-03-24",24,12,3,11,0,0,0,0,0,0,0,0,0,0,0,0,"0","0","0"
"2015-03-25",25,12,3,11,0,0,0,0,0,0,0,0,0,0,0,0,"0","0","0"
"2015-03-26",26,12,3,12,0,0,0,0,0,0,0,0,0,0,0,0,"0","0","0"
"2015-03-27",27,12,3,12,0,0,0,0,0,0,0,0,0,0,0,0,"0","0","0"
"2015-03-28",28,12,3,12,0,0,0,0,0,0,0,0,0,0,0,0,"0","0","0"
"2015-03-29",29,12,3,10,0,0,0,0,0,0,0,0,0,0,0,0,"0","0","0"
"2015-03-30",30,13,3,12,0,0,0,0,0,0,0,0,0,0,0,0,"0","0","0"
"2015-03-31",31,13,3,11,0,0,0,0,0,0,0,0,0,0,0,0,"0","0","0"
"2015-04-01",1,13,4,10,0,0,0,0,0,0,0,0,0,0,0,0,"0","0","0"
"2015-04-02",2,13,4,11,0,0,0,0,0,0,0,0,0,0,0,0,"0","0","0"
"2015-04-03",3,13,4,13,0,0,0,0,0,0,0,0,0,0,0,0,"0","0","0"
"2015-04-04",4,13,4,12,0,0,0,0,0,0,0,0,0,0,0,0,"0","0","0"
"2015-04-05",5,13,4,12,0,0,0,0,0,0,0,0,0,0,0,0,"0","0","0"
"2015-04-06",6,14,4,11,0,0,0,0,0,0,0,0,0,0,0,0,"0","0","0"
"2015-04-07",7,14,4,13,0,0,0,0,0,0,0,0,0,0,0,0,"0","0","0"
"2015-04-08",8,14,4,13,0,0,0,0,0,0,0,0,0,0,0,0,"0","0","0"
"2015-04-09",9,14,4,11,0,0,0,0,0,0,0,0,0,0,0,0,"0","0","0"
"2015-04-10",10,14,4,14,0,0,0,0,0,0,0,0,0,0,0,0,"0","0","0"
"2015-04-11",11,14,4,14,0,0,0,0,0,0,0,0,0,0,0,0,"0","0","0"
"2015-04-12",12,14,4,11,0,0,0,0,0,0,0,0,0,0,0,0,"0","0","0"
"2015-04-13",13,15,4,15,0,0,0,0,0,0,0,0,0,0,0,0,"0","0","0"
"2015-04-14",14,15,4,14,0,0,0,0,0,0,0,0,0,0,0,0,"0","0","0"
"2015-04-15",15,15,4,16,0,0,0,0,0,0,0,0,0,0,0,0,"0","0","0"
"2015-04-16",16,15,4,14,0,0,0,0,0,0,0,0,0,0,0,0,"0","0","0"
"2015-04-17",17,15,4,15,0,0,0,0,0,0,0,0,0,0,0,0,"0","0","0"
"2015-04-18",18,15,4,17,0,0,0,0,0,0,0,0,0,0,0,0,"0","0","0"
"2015-04-19",19,15,4,16,0,0,0,0,0,0,0,0,0,0,0,0,"0","0","0"
"2015-04-20",20,16,4,15,0,0,0,0,0,0,0,0,0,0,0,0,"0","0","0"
"2015-04-21",21,16,4,16,0,0,0,0,0,0,0,0,0,0,0,0,"0","0","0"
"2015-04-22",22,16,4,18,0,0,0,0,0,0,0,0,0,0,0,0,"0","0","0"
"2015-04-23",23,16,4,17,0,0,0,0,0,0,0,0,0,0,0,0,"0","0","0"
"2015-04-24",24,16,4,19,0,0,0,0,0,0,0,0,0,0,0,0,"0","0","0"
"2015-04-25",25,16,4,16,0,0,0,0,0,0,0,0,0,0,0,0,"0","0","0"
"2015-04-26",26,16,4,16,0,0,0,0,0,0,0,0,0,0,0,0,"0","0","0"
"2015-04-27",27,17,4,16,0,0,0,0,0,0,0,0,0,0,0,0,"0","0","0"
"2015-04-28",28,17,4,19,0,0,0,0,0,0,0,0,0,0,0,0,"0","0","0"
"2015-04-29",29,17,4,16,0,0,0,0,0,0,0,0,0,0,0,0,"0","0","0"
"2015-04-30",30,17,4,17,0,0,0,0,0,0,0,0,0,0,0,0,"0","0","0"
"2015-05-01",1,17,5,18,0,0,0,0,0,0,0,0,0,0,0,0,"0","0","0"
"2015-05-02",2,17,5,19,0,0,0,0,0,0,0,0,0,0,0,0,"0","0","0"
"2015-05-03",3,17,5,17,0,0,0,0,0,0,0,0,0,0,0,0,"0","0","0"
"2015-05-04",4,18,5,16,0,0,0,0,0,0,0,0,0,0,0,0,"0","0","0"
"2015-05-05",5,18,5,17,0,0,0,0,0,0,0,0,0,0,0,0,"0","0","0"
"2015-05-06",6,18,5,17,0,0,0,0,0,0,0,0,0,0,0,0,"0","0","0"
"2015-05-07",7,18,5,19,0,0,0,0,0,0,0,0,0,0,0,0,"0","0","0"
"2015-05-08",8,18,5,18,0,0,0,0,0,0,0,0,0,0,0,0,"0","0","0"
"2015-05-09",9,18,5,15,0,0,0,0,0,0,0,0,0,0,0,0,"0","0","0"
"2015-05-10",10,18,5,16,0,0,0,0,0,0,0,0,0,0,0,0,"0","0","0"
"2015-05-11",11,19,5,16,0,0,0,0,0,0,0,0,0,0,0,0,"0","0","0"
"2015-05-12",12,19,5,17,0,0,0,0,0,0,0,0,0,0,0,0,"0","0","0"
"2015-05-13",13,19,5,18,0,0,0,0,0,0,0,0,0,0,0,0,"0","0","0"
"2015-05-14",14,19,5,18,0,0,0,0,0,0,0,0,0,0,0,0,"0","0","0"
"2015-05-15",15,19,5,18,0,0,0,0,0,0,0,0,0,0,0,0,"0","0","0"
"2015-05-16",16,19,5,19,0,0,0,0,0,0,0,0,0,0,0,0,"0","0","0"
"2015-05-17",17,19,5,18,0,0,0,0,0,0,0,0,0,0,0,0,"0","0","0"
"2015-05-18",18,20,5,19,0,0,0,0,0,0,0,0,0,0,0,0,"0","0","0"
"2015-05-19",19,20,5,18,0,0,0,0,0,0,0,0,0,0,0,0,"0","0","0"
"2015-05-20",20,20,5,18,0,0,0,0,0,0,0,0,0,0,0,0,"0","0","0"
"2015-05-21",21,20,5,18,0,0,0,0,0,0,0,0,0,0,0,0,"0","0","0"
"2015-05-22",22,20,5,18,0,0,0,0,0,0,0,0,0,0,0,0,"0","0","0"
"2015-05-23",23,20,5,18,0,0,0,0,0,0,0,0,0,0,0,0,"0","0","0"
"2015-05-24",24,20,5,18,0,0,0,0,0,0,0,0,0,0,0,0,"0","0","0"
"2015-05-25",25,21,5,17,0,0,0,0,0,0,0,0,0,0,0,0,"0","0","0"
"2015-05-26",26,21,5,19,0,0,0,0,0,0,0,0,0,0,0,0,"0","0","0"
"2015-05-27",27,21,5,18,0,0,0,0,0,0,0,0,0,0,0,0,"0","0","0"
"2015-05-28",28,21,5,18,0,0,0,0,0,0,0,0,0,0,0,0,"0","0","0"
"2015-05-29",29,21,5,18,0,0,0,0,0,0,0,0,0,0,0,0,"0","0","0"
"2015-05-30",30,21,5,16,0,0,0,0,0,0,0,0,0,0,0,0,"0","0","0"
"2015-05-31",31,21,5,15,0,0,0,0,0,0,0,0,0,0,0,0,"0","0","0"
"2015-06-01",1,22,6,17,0,0,0,0,0,0,0,0,0,0,0,0,"0","0","0"
"2015-06-02",2,22,6,18,0,0,0,0,0,0,0,0,0,0,0,0,"0","0","0"
"2015-06-03",3,22,6,17,0,0,0,0,0,0,0,0,0,0,0,0,"0","0","0"
"2015-06-04",4,22,6,17,0,0,0,0,0,0,0,0,0,0,0,0,"0","0","0"
"2015-06-05",5,22,6,17,0,0,0,0,0,0,0,0,0,0,0,0,"0","0","0"
"2015-06-06",6,22,6,16,0,0,0,0,0,0,0,0,0,0,0,0,"0","0","0"
"2015-06-07",7,22,6,14,0,0,0,0,0,0,0,0,0,0,0,0,"0","0","0"
"2015-06-08",8,23,6,14,0,0,0,0,0,0,0,0,0,0,0,0,"0","0","0"
"2015-06-09",9,23,6,15,0,0,0,0,0,0,0,0,0,0,0,0,"0","0","0"
"2015-06-10",10,23,6,17,0,0,0,0,0,0,0,0,0,0,0,0,"0","0","0"
"2015-06-11",11,23,6,14,0,0,0,0,0,0,0,0,0,0,0,0,"0","0","0"
"2015-06-12",12,23,6,16,0,0,0,0,0,0,0,0,0,0,0,0,"0","0","0"
"2015-06-13",13,23,6,16,0,0,0,0,0,0,0,0,0,0,0,0,"0","0","0"
"2015-06-14",14,23,6,13,0,0,0,0,0,0,0,0,0,0,0,0,"0","0","0"
"2015-06-15",15,24,6,14,0,0,0,0,0,0,0,0,0,0,0,0,"0","0","0"
"2015-06-16",16,24,6,16,0,0,0,0,0,0,0,0,0,0,0,0,"0","0","0"
"2015-06-17",17,24,6,16,0,0,0,0,0,0,0,0,0,0,0,0,"0","0","0"
"2015-06-18",18,24,6,15,0,0,0,0,0,0,0,0,0,0,0,0,"0","0","0"
"2015-06-19",19,24,6,17,0,0,0,0,0,0,0,0,0,0,0,0,"0","0","0"
"2015-06-20",20,24,6,14,0,0,0,0,0,0,0,0,0,0,0,0,"0","0","0"
"2015-06-21",21,24,6,14,0,0,0,0,0,0,0,0,0,0,0,0,"0","0","0"
"2015-06-22",22,25,6,17,0,0,0,0,0,0,0,0,0,0,0,0,"0","0","0"
"2015-06-23",23,25,6,16,0,0,0,0,0,0,0,0,0,0,0,0,"0","0","0"
"2015-06-24",24,25,6,17,0,0,0,0,0,0,0,0,0,0,0,0,"0","0","0"
"2015-06-25",25,25,6,16,0,0,0,0,0,0,0,0,0,0,0,0,"0","0","0"
"2015-06-26",26,25,6,17,0,0,0,0,0,0,0,0,0,0,0,0,"0","0","0"
"2015-06-27",27,25,6,16,0,0,0,0,0,0,0,0,0,0,0,0,"0","0","0"
"2015-06-28",28,25,6,16,0,0,0,0,0,0,0,0,0,0,0,0,"0","0","0"
"2015-06-29",29,26,6,17,0,0,0,0,0,0,0,0,0,0,0,0,"0","0","0"
"2015-06-30",30,26,6,18,0,0,0,0,0,0,0,0,0,0,0,0,"0","0","0"
"2015-07-01",1,26,7,19,0,0,0,0,0,0,0,0,0,0,0,0,"0","0","0"
"2015-07-02",2,26,7,16,0,0,0,0,0,0,0,0,0,0,0,0,"0","0","0"
"2015-07-03",3,26,7,16,0,0,0,0,0,0,0,0,0,0,0,0,"0","0","0"
"2015-07-04",4,26,7,14,0,0,0,0,0,0,0,0,0,0,0,0,"0","0","0"
"2015-07-05",5,26,7,11,0,0,0,0,0,0,0,0,0,0,0,0,"0","0","0"
"2015-07-06",6,27,7,15,0,0,0,0,0,0,0,0,0,0,0,0,"0","0","0"
"2015-07-07",7,27,7,18,0,0,0,0,0,0,0,0,0,0,0,0,"0","0","0"
"2015-07-08",8,27,7,17,0,0,0,0,0,0,0,0,0,0,0,0,"0","0","0"
"2015-07-09",9,27,7,17,0,0,0,0,0,0,0,0,0,0,0,0,"0","0","0"
"2015-07-10",10,27,7,17,0,0,0,0,0,0,0,0,0,0,0,0,"0","0","0"
"2015-07-11",11,27,7,16,0,0,0,0,0,0,0,0,0,0,0,0,"0","0","0"
"2015-07-12",12,27,7,16,0,0,0,0,0,0,0,0,0,0,0,0,"0","0","0"
"2015-07-13",13,28,7,18,0,0,0,0,0,0,0,0,0,0,0,0,"0","0","0"
"2015-07-14",14,28,7,18,0,0,0,0,0,0,0,0,0,0,0,0,"0","0","0"
"2015-07-15",15,28,7,15,0,0,0,0,0,0,0,0,0,0,0,0,"0","0","0"
"2015-07-16",16,28,7,15,0,0,0,0,0,0,0,0,0,0,0,0,"0","0","0"
"2015-07-17",17,28,7,15,0,0,0,0,0,0,0,0,0,0,0,0,"0","0","0"
"2015-07-18",18,28,7,17,0,0,0,0,0,0,0,0,0,0,0,0,"0","0","0"
"2015-07-19",19,28,7,16,0,0,0,0,0,0,0,0,0,0,0,0,"0","0","0"
"2015-07-20",20,29,7,19,0,0,0,0,0,0,0,0,0,0,0,0,"0","0","0"
"2015-07-21",21,29,7,19,0,0,0,0,0,0,0,0,0,0,0,0,"0","0","0"
"2015-07-22",22,29,7,21,0,0,0,0,0,0,0,0,0,0,0,0,"0","0","0"
"2015-07-23",23,29,7,20,0,0,0,0,0,0,0,0,0,0,0,0,"0","0","0"
"2015-07-24",24,29,7,18,0,0,0,0,0,0,0,0,0,0,0,0,"0","0","0"
"2015-07-25",25,29,7,17,0,0,0,0,0,0,0,0,0,0,0,0,"0","0","0"
"2015-07-26",26,29,7,17,0,0,0,0,0,0,0,0,0,0,0,0,"0","0","0"
"2015-07-27",27,30,7,20,0,0,0,0,0,0,0,0,0,0,0,0,"0","0","0"
"2015-07-28",28,30,7,20,0,0,0,0,0,0,0,0,0,0,0,0,"0","0","0"
"2015-07-29",29,30,7,21,0,0,0,0,0,0,0,0,0,0,0,0,"0","0","0"
"2015-07-30",30,30,7,21,0,0,0,0,0,0,0,0,0,0,0,0,"0","0","0"
"2015-07-31",31,30,7,20,0,0,0,0,0,0,0,0,0,0,0,0,"0","0","0"
"2015-08-01",1,30,8,18,0,0,0,0,0,0,0,0,0,0,0,0,"0","0","0"
"2015-08-02",2,30,8,17,0,0,0,0,0,0,0,0,0,0,0,0,"0","0","0"
"2015-08-03",3,31,8,21,0,0,0,0,0,0,0,0,0,0,0,0,"0","0","0"
"2015-08-04",4,31,8,20,0,0,0,0,0,0,0,0,0,0,0,0,"0","0","0"
"2015-08-05",5,31,8,24,0,0,0,0,0,0,0,0,0,0,0,0,"0","0","0"
"2015-08-06",6,31,8,21,0,0,0,0,0,0,0,0,0,0,0,0,"0","0","0"
"2015-08-07",7,31,8,22,0,0,0,0,0,0,0,0,0,0,0,0,"0","0","0"
"2015-08-08",8,31,8,22,0,0,0,0,0,0,0,0,0,0,0,0,"0","0","0"
"2015-08-09",9,31,8,21,0,0,0,0,0,0,0,0,0,0,0,0,"0","0","0"
"2015-08-10",10,32,8,21,0,0,0,0,0,0,0,0,0,0,0,0,"0","0","0"
"2015-08-11",11,32,8,23,0,0,0,0,0,0,0,0,0,0,0,0,"0","0","0"
"2015-08-12",12,32,8,22,0,0,0,0,0,0,0,0,0,0,0,0,"0","0","0"
"2015-08-13",13,32,8,21,0,0,0,0,0,0,0,0,0,0,0,0,"0","0","0"
"2015-08-14",14,32,8,21,0,0,0,0,0,0,0,0,0,0,0,0,"0","0","0"
"2015-08-15",15,32,8,18,0,0,0,0,0,0,0,0,0,0,0,0,"0","0","0"
"2015-08-16",16,32,8,15,0,0,0,0,0,0,0,0,0,0,0,0,"0","0","0"
"2015-08-17",17,33,8,20,0,0,0,0,0,0,0,0,0,0,0,0,"0","0","0"
"2015-08-18",18,33,8,21,0,0,0,0,0,0,0,0,0,0,0,0,"0","0","0"
"2015-08-19",19,33,8,24,0,0,0,0,0,0,0,0,0,0,0,0,"0","0","0"
"2015-08-20",20,33,8,21,0,0,0,0,0,0,0,0,0,0,0,0,"0","0","0"
"2015-08-21",21,33,8,21,0,0,0,0,0,0,0,0,0,0,0,0,"0","0","0"
"2015-08-22",22,33,8,19,0,0,0,0,0,0,0,0,0,0,0,0,"0","0","0"
"2015-08-23",23,33,8,19,0,0,0,0,0,0,0,0,0,0,0,0,"0","0","0"
"2015-08-24",24,34,8,22,0,0,0,0,0,0,0,0,0,0,0,0,"0","0","0"
"2015-08-25",25,34,8,23,0,0,0,0,0,0,0,0,0,0,0,0,"0","0","0"
"2015-08-26",26,34,8,22,0,0,0,0,0,0,0,0,0,0,0,0,"0","0","0"
"2015-08-27",27,34,8,22,0,0,0,0,0,0,0,0,0,0,0,0,"0","0","0"
"2015-08-28",28,34,8,22,0,0,0,0,0,0,0,0,0,0,0,0,"0","0","0"
"2015-08-29",29,34,8,19,0,0,0,0,0,0,0,0,0,0,0,0,"0","0","0"
"2015-08-30",30,34,8,14,0,0,0,0,0,0,0,0,0,0,0,0,"0","0","0"
"2015-08-31",31,35,8,19,0,0,0,0,0,0,0,0,0,0,0,0,"0","0","0"
"2015-09-01",1,35,9,19,0,0,0,0,0,0,0,0,0,0,0,0,"0","0","0"
"2015-09-02",2,35,9,21,0,0,0,0,0,0,0,0,0,0,0,0,"0","0","0"
"2015-09-03",3,35,9,21,0,0,0,0,0,0,0,0,0,0,0,0,"0","0","0"
"2015-09-04",4,35,9,20,0,0,0,0,0,0,0,0,0,0,0,0,"0","0","0"
"2015-09-05",5,35,9,15,0,0,0,0,0,0,0,0,0,0,0,0,"0","0","0"
"2015-09-06",6,35,9,13,0,0,0,0,0,0,0,0,0,0,0,0,"0","0","0"
"2015-09-07",7,36,9,19,0,0,0,0,0,0,0,0,0,0,0,0,"0","0","0"
"2015-09-08",8,36,9,21,0,0,0,0,0,0,0,0,0,0,0,0,"0","0","0"
"2015-09-09",9,36,9,22,0,0,0,0,0,0,0,0,0,0,0,0,"0","0","0"
"2015-09-10",10,36,9,21,0,0,0,0,0,0,0,0,0,0,0,0,"0","0","0"
"2015-09-11",11,36,9,21,0,0,0,0,0,0,0,0,0,0,0,0,"0","0","0"
"2015-09-12",12,36,9,16,0,0,0,0,0,0,0,0,0,0,0,0,"0","0","0"
"2015-09-13",13,36,9,14,0,0,0,0,0,0,0,0,0,0,0,0,"0","0","0"
"2015-09-14",14,37,9,21,0,0,0,0,0,0,0,0,0,0,0,0,"0","0","0"
"2015-09-15",15,37,9,21,0,0,0,0,0,0,0,0,0,0,0,0,"0","0","0"
"2015-09-16",16,37,9,23,0,0,0,0,0,0,0,0,0,0,0,0,"0","0","0"
"2015-09-17",17,37,9,19,0,0,0,0,0,0,0,0,0,0,0,0,"0","0","0"
"2015-09-18",18,37,9,20,0,0,0,0,0,0,0,0,0,0,0,0,"0","0","0"
"2015-09-19",19,37,9,16,0,0,0,0,0,0,0,0,0,0,0,0,"0","0","0"
"2015-09-20",20,37,9,13,0,0,0,0,0,0,0,0,0,0,0,0,"0","0","0"
"2015-09-21",21,38,9,22,0,0,0,0,0,0,0,0,0,0,0,0,"0","0","0"
"2015-09-22",22,38,9,20,0,0,0,0,0,0,0,0,0,0,0,0,"0","0","0"
"2015-09-23",23,38,9,17,0,0,0,0,0,0,0,0,0,0,0,0,"0","0","0"
"2015-09-24",24,38,9,21,0,0,0,0,0,0,0,0,0,0,0,0,"0","0","0"
"2015-09-25",25,38,9,19,0,0,0,0,0,0,0,0,0,0,0,0,"0","0","0"
"2015-09-26",26,38,9,14,0,0,0,0,0,0,0,0,0,0,0,0,"0","0","0"
"2015-09-27",27,38,9,13,0,0,0,0,0,0,0,0,0,0,0,0,"0","0","0"
"2015-09-28",28,39,9,19,0,0,0,0,0,0,0,0,0,0,0,0,"0","0","0"
"2015-09-29",29,39,9,22,0,0,0,0,0,0,0,0,0,0,0,0,"0","0","0"
"2015-09-30",30,39,9,21,0,0,0,0,0,0,0,0,0,0,0,0,"0","0","0"
"2015-10-01",1,39,10,19,0,0,0,0,0,0,0,0,0,0,0,0,"0","0","0"
"2015-10-02",2,39,10,18,0,0,0,0,0,0,0,0,0,0,0,0,"0","0","0"
"2015-10-03",3,39,10,18,0,0,0,0,0,0,0,0,0,0,0,0,"0","0","0"
"2015-10-04",4,39,10,13,0,0,0,0,0,0,0,0,0,0,0,0,"0","0","0"
"2015-10-05",5,40,10,17,0,0,0,0,0,0,0,0,0,0,0,0,"0","0","0"
"2015-10-06",6,40,10,20,0,0,0,0,0,0,0,0,0,0,0,0,"0","0","0"
"2015-10-07",7,40,10,19,0,0,0,0,0,0,0,0,0,0,0,0,"0","0","0"
"2015-10-08",8,40,10,20,0,0,0,0,0,0,0,0,0,0,0,0,"0","0","0"
"2015-10-09",9,40,10,21,0,0,0,0,0,0,0,0,0,0,0,0,"0","0","0"
"2015-10-10",10,40,10,18,0,0,0,0,0,0,0,0,0,0,0,0,"0","0","0"
"2015-10-11",11,40,10,15,0,0,0,0,0,0,0,0,0,0,0,0,"0","0","0"
"2015-10-12",12,41,10,21,0,0,0,0,0,0,0,0,0,0,0,0,"0","0","0"
"2015-10-13",13,41,10,21,0,0,0,0,0,0,0,0,0,0,0,0,"0","0","0"
"2015-10-14",14,41,10,20,0,0,0,0,0,0,0,0,0,0,0,0,"0","0","0"
"2015-10-15",15,41,10,17,0,0,0,0,0,0,0,0,0,0,0,0,"0","0","0"
"2015-10-16",16,41,10,19,0,0,0,0,0,0,0,0,0,0,0,0,"0","0","0"
"2015-10-17",17,41,10,16,0,0,0,0,0,0,0,0,0,0,0,0,"0","0","0"
"2015-10-18",18,41,10,15,0,0,0,0,0,0,0,0,0,0,0,0,"0","0","0"
"2015-10-19",19,42,10,20,0,0,0,0,0,0,0,0,0,0,0,0,"0","0","0"
"2015-10-20",20,42,10,22,0,0,0,0,0,0,0,0,0,0,0,0,"0","0","0"
"2015-10-21",21,42,10,19,0,0,0,0,0,0,0,0,0,0,0,0,"0","0","0"
"2015-10-22",22,42,10,18,0,0,0,0,0,0,0,0,0,0,0,0,"0","0","0"
"2015-10-23",23,42,10,20,0,0,0,0,0,0,0,0,0,0,0,0,"0","0","0"
"2015-10-24",24,42,10,17,0,0,0,0,0,0,0,0,0,0,0,0,"0","0","0"
"2015-10-25",25,42,10,19,0,0,0,0,0,0,0,0,0,0,0,0,"0","0","0"
"2015-10-26",26,43,10,21,0,0,0,0,0,0,0,0,0,0,0,0,"0","0","0"
"2015-10-27",27,43,10,23,0,0,0,0,0,0,0,0,0,0,0,0,"0","0","0"
"2015-10-28",28,43,10,21,0,0,0,0,0,0,0,0,0,0,0,0,"0","0","0"
"2015-10-29",29,43,10,21,0,0,0,0,0,0,0,0,0,0,0,0,"0","0","0"
"2015-10-30",30,43,10,18,0,0,0,0,0,0,0,0,0,0,0,0,"0","0","0"
"2015-10-31",31,43,10,18,0,0,0,0,0,0,0,0,0,0,0,0,"0","0","0"
"2015-11-01",1,43,11,15,0,0,0,0,0,0,0,0,0,0,0,0,"0","0","0"
"2015-11-02",2,44,11,19,0,0,0,0,0,0,0,0,0,0,0,0,"0","0","0"
"2015-11-03",3,44,11,20,0,0,0,0,0,0,0,0,0,0,0,0,"0","0","0"
"2015-11-04",4,44,11,18,0,0,0,0,0,0,0,0,0,0,0,0,"0","0","0"
"2015-11-05",5,44,11,19,0,0,0,0,0,0,0,0,0,0,0,0,"0","0","0"
"2015-11-06",6,44,11,18,0,0,0,0,0,0,0,0,0,0,0,0,"0","0","0"
"2015-11-07",7,44,11,15,0,0,0,0,0,0,0,0,0,0,0,0,"0","0","0"
"2015-11-08",8,44,11,16,0,0,0,0,0,0,0,0,0,0,0,0,"0","0","0"
"2015-11-09",9,45,11,19,0,0,0,0,0,0,0,0,0,0,0,0,"0","0","0"
"2015-11-10",10,45,11,20,0,0,0,0,0,0,0,0,0,0,0,0,"0","0","0"
"2015-11-11",11,45,11,20,0,0,0,0,0,0,0,0,0,0,0,0,"0","0","0"
"2015-11-12",12,45,11,18,0,0,0,0,0,0,0,0,0,0,0,0,"0","0","0"
"2015-11-13",13,45,11,19,0,0,0,0,0,0,0,0,0,0,0,0,"0","0","0"
"2015-11-14",14,45,11,17,0,0,0,0,0,0,0,0,0,0,0,0,"0","0","0"
"2015-11-15",15,45,11,15,0,0,0,0,0,0,0,0,0,0,0,0,"0","0","0"
"2015-11-16",16,46,11,21,0,0,0,0,0,0,0,0,0,0,0,0,"0","0","0"
"2015-11-17",17,46,11,19,0,0,0,0,0,0,0,0,0,0,0,0,"0","0","0"
"2015-11-18",18,46,11,19,0,0,0,0,0,0,0,0,0,0,0,0,"0","0","0"
"2015-11-19",19,46,11,19,0,0,0,0,0,0,0,0,0,0,0,0,"0","0","0"
"2015-11-20",20,46,11,20,0,0,0,0,0,0,0,0,0,0,0,0,"0","0","0"
"2015-11-21",21,46,11,17,0,0,0,0,0,0,0,0,0,0,0,0,"0","0","0"
"2015-11-22",22,46,11,17,0,0,0,0,0,0,0,0,0,0,0,0,"0","0","0"
"2015-11-23",23,47,11,21,0,0,0,0,0,0,0,0,0,0,0,0,"0","0","0"
"2015-11-24",24,47,11,21,0,0,0,0,0,0,0,0,0,0,0,0,"0","0","0"
"2015-11-25",25,47,11,22,0,0,0,0,0,0,0,0,0,0,0,0,"0","0","0"
"2015-11-26",26,47,11,20,0,0,0,0,0,0,0,0,0,0,0,0,"0","0","0"
"2015-11-27",27,47,11,20,0,0,0,0,0,0,0,0,0,0,0,0,"0","0","0"
"2015-11-28",28,47,11,17,0,0,0,0,0,0,0,0,0,0,0,0,"0","0","0"
"2015-11-29",29,47,11,16,0,0,0,0,0,0,0,0,0,0,0,0,"0","0","0"
"2015-11-30",30,48,11,20,0,0,0,0,0,0,0,0,0,0,0,0,"0","0","0"
"2015-12-01",1,48,12,24,0,0,0,0,0,0,0,0,0,0,0,0,"0","0","0"
"2015-12-02",2,48,12,22,0,0,0,0,0,0,0,0,0,0,0,0,"0","0","0"
"2015-12-03",3,48,12,22,0,0,0,0,0,0,0,0,0,0,0,0,"0","0","0"
"2015-12-04",4,48,12,22,0,0,0,0,0,0,0,0,0,0,0,0,"0","0","0"
"2015-12-05",5,48,12,19,0,0,0,0,0,0,0,0,0,0,0,0,"0","0","0"
"2015-12-06",6,48,12,18,0,0,0,0,0,0,0,0,0,0,0,0,"0","0","0"
"2015-12-07",7,49,12,20,0,0,0,0,0,0,0,0,0,0,0,0,"0","0","0"
"2015-12-08",8,49,12,22,0,0,0,0,0,0,0,0,0,0,0,0,"0","0","0"
"2015-12-09",9,49,12,21,0,0,0,0,0,0,0,0,0,0,0,0,"0","0","0"
"2015-12-10",10,49,12,23,0,0,0,0,0,0,0,0,0,0,0,0,"0","0","0"
"2015-12-11",11,49,12,23,0,0,0,0,0,0,0,0,0,0,0,0,"0","0","0"
"2015-12-12",12,49,12,17,0,0,0,0,0,0,0,0,0,0,0,0,"0","0","0"
"2015-12-13",13,49,12,17,0,0,0,0,0,0,0,0,0,0,0,0,"0","0","0"
"2015-12-14",14,50,12,23,0,0,0,0,0,0,0,0,0,0,0,0,"0","0","0"
"2015-12-15",15,50,12,23,0,0,0,0,0,0,0,0,0,0,0,0,"0","0","0"
"2015-12-16",16,50,12,22,0,0,0,0,0,0,0,0,0,0,0,0,"0","0","0"
"2015-12-17",17,50,12,23,0,0,0,0,0,0,0,0,0,0,0,0,"0","0","0"
"2015-12-18",18,50,12,23,0,0,0,0,0,0,0,0,0,0,0,0,"0","0","0"
"2015-12-19",19,50,12,19,0,0,0,0,0,0,0,0,0,0,0,0,"0","0","0"
"2015-12-20",20,50,12,19,0,0,0,0,0,0,0,0,0,0,0,0,"0","0","0"
"2015-12-21",21,51,12,22,0,0,0,0,0,0,0,0,0,0,0,0,"0","0","0"
"2015-12-22",22,51,12,22,0,0,0,0,0,0,0,0,0,0,0,0,"0","0","0"
"2015-12-23",23,51,12,24,0,0,0,0,0,0,0,0,0,0,0,0,"0","0","0"
"2015-12-24",24,51,12,20,0,0,0,0,0,0,0,0,0,0,0,0,"0","0","0"
"2015-12-25",25,51,12,0,0,0,0,0,0,0,0,0,0,0,0,0,"0","0","0"
"2015-12-26",26,51,12,20,0,0,0,0,0,0,0,0,0,0,0,0,"0","0","0"
"2015-12-27",27,51,12,21,0,0,0,0,0,0,0,0,0,0,0,0,"0","0","0"
"2015-12-28",28,52,12,23,0,0,0,0,0,0,0,0,0,0,0,0,"0","0","0"
"2015-12-29",29,52,12,23,0,0,0,0,0,0,0,0,0,0,0,0,"0","0","0"
"2015-12-30",30,52,12,24,0,0,0,0,0,0,0,0,0,0,0,0,"0","0","0"
"2015-12-31",31,52,12,23,0,0,0,0,0,0,0,0,0,0,0,0,"0","0","0"
"2016-01-01",1,0,1,0,0,0,0,0,0,0,0,0,0,0,0,0,"0","0","0"
"2016-01-02",2,0,1,21,0,0,0,0,0,0,0,0,0,0,0,0,"0","0","0"
"2016-01-03",3,0,1,21,0,0,0,0,0,0,0,0,0,0,0,0,"0","0","0"
"2016-01-04",4,1,1,22,0,0,0,0,0,0,0,0,0,0,0,0,"0","0","0"
"2016-01-05",5,1,1,25,0,0,0,0,0,0,0,0,0,0,0,0,"0","0","0"
"2016-01-06",6,1,1,24,0,0,0,0,0,0,0,0,0,0,0,0,"0","0","0"
"2016-01-07",7,1,1,23,0,0,0,0,0,0,0,0,0,0,0,0,"0","0","0"
"2016-01-08",8,1,1,22,0,0,0,0,0,0,0,0,0,0,0,0,"0","0","0"
"2016-01-09",9,1,1,22,0,0,0,0,0,0,0,0,0,0,0,0,"0","0","0"
"2016-01-10",10,1,1,19,0,0,0,0,0,0,0,0,0,0,0,0,"0","0","0"
"2016-01-11",11,2,1,23,0,0,0,0,0,0,0,0,0,0,0,0,"0","0","0"
"2016-01-12",12,2,1,23,0,0,0,0,0,0,0,0,0,0,0,0,"0","0","0"
"2016-01-13",13,2,1,25,0,0,0,0,0,0,0,0,0,0,0,0,"0","0","0"
"2016-01-14",14,2,1,23,0,0,0,0,0,0,0,0,0,0,0,0,"0","0","0"
"2016-01-15",15,2,1,24,0,0,0,0,0,0,0,0,0,0,0,0,"0","0","0"
"2016-01-16",16,2,1,23,0,0,0,0,0,0,0,0,0,0,0,0,"0","0","0"
"2016-01-17",17,2,1,19,0,0,0,0,0,0,0,0,0,0,0,0,"0","0","0"
"2016-01-18",18,3,1,24,0,0,0,0,0,0,0,0,0,0,0,0,"0","0","0"
"2016-01-19",19,3,1,26,0,0,0,0,0,0,0,0,0,0,0,0,"0","0","0"
"2016-01-20",20,3,1,24,0,0,0,0,0,0,0,0,0,0,0,0,"0","0","0"
"2016-01-21",21,3,1,23,0,0,0,0,0,0,0,0,0,0,0,0,"0","0","0"
"2016-01-22",22,3,1,23,0,0,0,0,0,0,0,0,0,0,0,0,"0","0","0"
"2016-01-23",23,3,1,22,0,0,0,0,0,0,0,0,0,0,0,0,"0","0","0"
"2016-01-24",24,3,1,20,0,0,0,0,0,0,0,0,0,0,0,0,"0","0","0"
"2016-01-25",25,4,1,24,0,0,0,0,0,0,0,0,0,0,0,0,"0","0","0"
"2016-01-26",26,4,1,26,0,0,0,0,0,0,0,0,0,0,0,0,"0","0","0"
"2016-01-27",27,4,1,25,0,0,0,0,0,0,0,0,0,0,0,0,"0","0","0"
"2016-01-28",28,4,1,24,0,0,0,0,0,0,0,0,0,0,0,0,"0","0","0"
"2016-01-29",29,4,1,25,0,0,0,0,0,0,0,0,0,0,0,0,"0","0","0"
"2016-01-30",30,4,1,22,0,0,0,0,0,0,0,0,0,0,0,0,"0","0","0"
"2016-01-31",31,4,1,20,0,0,0,0,0,0,0,0,0,0,0,0,"0","0","0"
"2016-02-01",1,5,2,25,0,0,0,0,0,0,0,0,0,0,0,0,"0","0","0"
"2016-02-02",2,5,2,26,0,0,0,0,0,0,0,0,0,0,0,0,"0","0","0"
"2016-02-03",3,5,2,26,0,0,0,0,0,0,0,0,0,0,0,0,"0","0","0"
"2016-02-04",4,5,2,25,0,0,0,0,0,0,0,0,0,0,0,0,"0","0","0"
"2016-02-05",5,5,2,26,0,0,0,0,0,0,0,0,0,0,0,0,"0","0","0"
"2016-02-06",6,5,2,24,0,0,0,0,0,0,0,0,0,0,0,0,"0","0","0"
"2016-02-07",7,5,2,23,0,0,0,0,0,0,0,0,0,0,0,0,"0","0","0"
"2016-02-08",8,6,2,23,0,0,0,0,0,0,0,0,0,0,0,0,"0","0","0"
"2016-02-09",9,6,2,23,0,0,0,0,0,0,0,0,0,0,0,0,"0","0","0"
"2016-02-10",10,6,2,25,0,0,0,0,0,0,0,0,0,0,0,0,"0","0","0"
"2016-02-11",11,6,2,24,0,0,0,0,0,0,0,0,0,0,0,0,"0","0","0"
"2016-02-12",12,6,2,25,0,0,0,0,0,0,0,0,0,0,0,0,"0","0","0"
"2016-02-13",13,6,2,24,0,0,0,0,0,0,0,0,0,0,0,0,"0","0","0"
"2016-02-14",14,6,2,21,0,0,0,0,0,0,0,0,0,0,0,0,"0","0","0"
"2016-02-15",15,7,2,24,0,0,0,0,0,0,0,0,0,0,0,0,"0","0","0"
"2016-02-16",16,7,2,25,0,0,0,0,0,0,0,0,0,0,0,0,"0","0","0"
"2016-02-17",17,7,2,24,0,0,0,0,0,0,0,0,0,0,0,0,"0","0","0"
"2016-02-18",18,7,2,22,0,0,0,0,0,0,0,0,0,0,0,0,"0","0","0"
"2016-02-19",19,7,2,26,0,0,0,0,0,0,0,0,0,0,0,0,"0","0","0"
"2016-02-20",20,7,2,25,0,0,0,0,0,0,0,0,0,0,0,0,"0","0","0"
"2016-02-21",21,7,2,23,0,0,0,0,0,0,0,0,0,0,0,0,"0","0","0"
"2016-02-22",22,8,2,24,0,0,0,0,0,0,0,0,0,0,0,0,"0","0","0"
"2016-02-23",23,8,2,24,0,0,0,0,0,0,0,0,0,0,0,0,"0","0","0"
"2016-02-24",24,8,2,25,2,0,6,0,2,0,8,1,4.16666666666667,6,3400,566.666666666667,"2","1","2"
"2016-02-25",25,8,2,24,2,1,8,0,1,1,6,1,1.55555555555556,9,1500,166.666666666667,"8","0","1"
"2016-02-26",26,8,2,23,2,5,9,1,0,1,3,1,2.07142857142857,14,2900,207.142857142857,"6","8","0"
"2016-02-27",27,8,2,23,1,3,8,0,0,1,3,1,1.36363636363636,11,1500,136.363636363636,"9","2","0"
"2016-02-28",28,8,2,22,1,3,8,0,0,1,4,1,1.54545454545455,11,1800,163.636363636364,"8","2","0"
"2016-02-29",29,9,2,23,2,5,9,0,0,2,5,1,2.42857142857143,14,3800,271.428571428571,"7","2","1"
"2016-03-01",1,9,3,26,1,1,4,0,0,1,3,1,1.8,5,900,180,"2","3","0"
"2016-03-02",2,9,3,26,1,2,5,0,0,1,3,1,2.42857142857143,7,1700,242.857142857143,"2","5","0"
"2016-03-03",3,9,3,25,1,5,4,0,0,1,3,1,1.88888888888889,9,1700,188.888888888889,"5","4","0"
"2016-03-04",4,9,3,27,1,6,6,0,0,1,5,1,2.5,12,3100,258.333333333333,"5","4","1"
"2016-03-05",5,9,3,22,1,5,5,0,0,1,3,1,1.6,10,1800,180,"7","3","0"
"2016-03-06",6,9,3,20,1,3,2,0,0,1,4,1,1.6,5,900,180,"4","0","0"
"2016-03-07",7,10,3,23,1,4,6,0,0,1,4,1,1.9,10,2000,200,"6","3","0"
"2016-03-08",8,10,3,27,1,3,3,0,0,1,4,1,1.66666666666667,6,1100,183.333333333333,"4","1","0"
"2016-03-09",9,10,3,25,3,2,8,0,2,1,5,1,2.3,10,2500,250,"3","6","1"
"2016-03-10",10,10,3,26,2,5,8,0,1,1,3,1,1.38461538461538,13,1900,146.153846153846,"9","4","0"
"2016-03-11",11,10,3,26,2,5,11,0,1,1,4,1,1.75,16,2900,181.25,"11","3","0"
"2016-03-12",12,10,3,23,1,4,5,0,0,1,3,1,1.44444444444444,9,1400,155.555555555556,"6","3","0"
"2016-03-13",13,10,3,21,2,7,7,0,0,2,7,1,2,14,3300,235.714285714286,"10","2","2"
"2016-03-14",14,11,3,23,1,3,7,0,0,1,4,1,1.9,10,2100,210,"6","3","0"
"2016-03-15",15,11,3,27,2,4,7,0,0,2,5,1,1.81818181818182,11,2100,190.909090909091,"8","1","1"
"2016-03-16",16,11,3,26,1,3,4,0,0,1,3,1,1.42857142857143,7,1000,142.857142857143,"5","2","0"
"2016-03-17",17,11,3,26,1,0,8,0,1,0,4,1,2.125,8,2000,250,"4","3","0"
"2016-03-18",18,11,3,27,2,7,7,0,0,2,3,1,1.5,14,2100,150,"10","4","0"
"2016-03-19",19,11,3,24,1,4,5,0,0,1,3,1,1.44444444444444,9,1500,166.666666666667,"7","2","0"
"2016-03-20",20,11,3,23,1,3,2,0,0,1,3,1,1.6,5,1000,200,"3","2","0"
"2016-03-21",21,12,3,26,1,2,1,0,0,1,1,1,1,3,300,100,"3","0","0"
"2016-03-22",22,12,3,27,2,0,7,0,2,0,4,1,1.85714285714286,7,1300,185.714285714286,"4","2","0"
"2016-03-23",23,12,3,27,2,3,8,1,1,0,6,1,1.63636363636364,11,1900,172.727272727273,"9","1","1"
"2016-03-24",24,12,3,26,3,5,4,0,2,1,3,1,1.44444444444444,9,1600,177.777777777778,"6","3","0"
"2016-03-25",25,12,3,24,1,10,8,0,0,1,2,1,1.22222222222222,18,2400,133.333333333333,"14","4","0"
"2016-03-26",26,12,3,24,1,6,7,0,0,1,4,1,1.30769230769231,13,1700,130.769230769231,"11","1","0"
"2016-03-27",27,12,3,24,1,5,8,0,0,1,2,1,1.07692307692308,13,1500,115.384615384615,"12","1","0"
"2016-03-28",28,13,3,19,1,2,4,0,0,1,2,1,1.16666666666667,6,700,116.666666666667,"5","1","0"
"2016-03-29",29,13,3,28,1,3,3,0,0,1,3,1,1.83333333333333,6,1200,200,"3","3","0"
"2016-03-30",30,13,3,25,1,4,4,0,0,1,3,1,1.75,8,1400,175,"5","3","0"
"2016-03-31",31,13,3,23,1,2,7,0,0,1,3,1,1.44444444444444,9,1500,166.666666666667,"7","2","0"
"2016-04-01",1,13,4,23,1,5,4,0,0,1,3,1,1.88888888888889,9,1800,200,"5","4","0"
"2016-04-02",2,13,4,23,1,4,3,0,0,1,3,1,2,7,1700,242.857142857143,"3","4","0"
